[      78ms] [LOG] [Fast Refresh] rebuilding @ webpack-internal:///(app-pages-browser)/./node_modules/next/dist/client/components/react-dev-overlay/app/hot-reloader-client.js:186
[     342ms] [LOG] [Fast Refresh] done in 265ms @ webpack-internal:///(app-pages-browser)/./node_modules/next/dist/client/components/react-dev-overlay/app/hot-reloader-client.js:43
[     528ms] [INFO] %cDownload the React DevTools for a better development experience: https://reactjs.org/link/react-devtools font-weight:bold @ webpack-internal:///(app-pages-browser)/./node_modules/next/dist/compiled/react-dom/cjs/react-dom.development.js:38559
[  644446ms] [LOG] [Fast Refresh] rebuilding @ webpack-internal:///(app-pages-browser)/./node_modules/next/dist/client/components/react-dev-overlay/app/hot-reloader-client.js:186
[  644834ms] [LOG] [Fast Refresh] done in 389ms @ webpack-internal:///(app-pages-browser)/./node_modules/next/dist/client/components/react-dev-overlay/app/hot-reloader-client.js:43
[  660613ms] [LOG] [Fast Refresh] rebuilding @ webpack-internal:///(app-pages-browser)/./node_modules/next/dist/client/components/react-dev-overlay/app/hot-reloader-client.js:186
[  661294ms] [LOG] [Fast Refresh] done in 680ms @ webpack-internal:///(app-pages-browser)/./node_modules/next/dist/client/components/react-dev-overlay/app/hot-reloader-client.js:43
[  661759ms] [ERROR] Failed to load resource: the server responded with a status of 500 (Internal Server Error) @ http://localhost:3000/api/notifications/unread-count:0
[  662245ms] [ERROR] Refused to apply style from 'http://localhost:3000/_next/static/css/app/layout.css?v=1776686376159' because its MIME type ('text/html') is not a supported stylesheet MIME type, and strict MIME checking is enabled. @ http://localhost:3000/care-delivery/forms/review:0
[  662320ms] [ERROR] Refused to apply style from 'http://localhost:3000/_next/static/css/app/layout.css?v=1776686376622' because its MIME type ('text/html') is not a supported stylesheet MIME type, and strict MIME checking is enabled. @ http://localhost:3000/care-delivery/forms/review:0
[  662399ms] [ERROR] Refused to apply style from 'http://localhost:3000/_next/static/css/app/layout.css?v=1776686376622' because its MIME type ('text/html') is not a supported stylesheet MIME type, and strict MIME checking is enabled. @ http://localhost:3000/care-delivery/forms/review:0
[  662400ms] Event
[ 1600520ms] [LOG] [Fast Refresh] rebuilding @ webpack-internal:///(app-pages-browser)/./node_modules/next/dist/client/components/react-dev-overlay/app/hot-reloader-client.js:186
[ 1601154ms] [LOG] [Fast Refresh] done in 635ms @ webpack-internal:///(app-pages-browser)/./node_modules/next/dist/client/components/react-dev-overlay/app/hot-reloader-client.js:43
[ 2252343ms] [LOG] [Fast Refresh] rebuilding @ webpack-internal:///(app-pages-browser)/./node_modules/next/dist/client/components/react-dev-overlay/app/hot-reloader-client.js:186
[ 2252644ms] [LOG] [Fast Refresh] done in 302ms @ webpack-internal:///(app-pages-browser)/./node_modules/next/dist/client/components/react-dev-overlay/app/hot-reloader-client.js:43
[ 2280615ms] [LOG] [Fast Refresh] rebuilding @ webpack-internal:///(app-pages-browser)/./node_modules/next/dist/client/components/react-dev-overlay/app/hot-reloader-client.js:186
[ 2280699ms] [LOG] [Fast Refresh] done in 85ms @ webpack-internal:///(app-pages-browser)/./node_modules/next/dist/client/components/react-dev-overlay/app/hot-reloader-client.js:43
[ 2281459ms] [ERROR] Failed to load resource: the server responded with a status of 500 (Internal Server Error) @ http://localhost:3000/api/notifications/unread-count:0
[ 2310617ms] [ERROR] Failed to load resource: the server responded with a status of 500 (Internal Server Error) @ http://localhost:3000/api/notifications/unread-count:0
[ 2340621ms] [ERROR] Failed to load resource: the server responded with a status of 500 (Internal Server Error) @ http://localhost:3000/api/notifications/unread-count:0
[ 2370633ms] [ERROR] Failed to load resource: the server responded with a status of 500 (Internal Server Error) @ http://localhost:3000/api/notifications/unread-count:0
[ 2400624ms] [ERROR] Failed to load resource: the server responded with a status of 500 (Internal Server Error) @ http://localhost:3000/api/notifications/unread-count:0
[ 2430619ms] [ERROR] Failed to load resource: the server responded with a status of 500 (Internal Server Error) @ http://localhost:3000/api/notifications/unread-count:0
[ 2460619ms] [ERROR] Failed to load resource: the server responded with a status of 500 (Internal Server Error) @ http://localhost:3000/api/notifications/unread-count:0
[ 2490623ms] [ERROR] Failed to load resource: the server responded with a status of 500 (Internal Server Error) @ http://localhost:3000/api/notifications/unread-count:0
[ 2520623ms] [ERROR] Failed to load resource: the server responded with a status of 500 (Internal Server Error) @ http://localhost:3000/api/notifications/unread-count:0
[ 2550617ms] [ERROR] Failed to load resource: the server responded with a status of 500 (Internal Server Error) @ http://localhost:3000/api/notifications/unread-count:0
[ 2580626ms] [ERROR] Failed to load resource: the server responded with a status of 500 (Internal Server Error) @ http://localhost:3000/api/notifications/unread-count:0
[ 2610613ms] [ERROR] Failed to load resource: the server responded with a status of 500 (Internal Server Error) @ http://localhost:3000/api/notifications/unread-count:0
[ 2640623ms] [ERROR] Failed to load resource: the server responded with a status of 500 (Internal Server Error) @ http://localhost:3000/api/notifications/unread-count:0
[ 2670622ms] [ERROR] Failed to load resource: the server responded with a status of 500 (Internal Server Error) @ http://localhost:3000/api/notifications/unread-count:0
[ 2700622ms] [ERROR] Failed to load resource: the server responded with a status of 500 (Internal Server Error) @ http://localhost:3000/api/notifications/unread-count:0
[ 2730620ms] [ERROR] Failed to load resource: the server responded with a status of 500 (Internal Server Error) @ http://localhost:3000/api/notifications/unread-count:0
[ 2760622ms] [ERROR] Failed to load resource: the server responded with a status of 500 (Internal Server Error) @ http://localhost:3000/api/notifications/unread-count:0
[ 2790614ms] [ERROR] Failed to load resource: the server responded with a status of 500 (Internal Server Error) @ http://localhost:3000/api/notifications/unread-count:0
[ 2820617ms] [ERROR] Failed to load resource: the server responded with a status of 500 (Internal Server Error) @ http://localhost:3000/api/notifications/unread-count:0
[ 2850616ms] [ERROR] Failed to load resource: the server responded with a status of 500 (Internal Server Error) @ http://localhost:3000/api/notifications/unread-count:0
[ 2880624ms] [ERROR] Failed to load resource: the server responded with a status of 500 (Internal Server Error) @ http://localhost:3000/api/notifications/unread-count:0
[ 2910625ms] [ERROR] Failed to load resource: the server responded with a status of 500 (Internal Server Error) @ http://localhost:3000/api/notifications/unread-count:0
[ 2918057ms] [LOG] [Fast Refresh] rebuilding @ webpack-internal:///(app-pages-browser)/./node_modules/next/dist/client/components/react-dev-overlay/app/hot-reloader-client.js:186
[ 2918588ms] [LOG] [Fast Refresh] done in 530ms @ webpack-internal:///(app-pages-browser)/./node_modules/next/dist/client/components/react-dev-overlay/app/hot-reloader-client.js:43
[ 2940625ms] [ERROR] Failed to load resource: the server responded with a status of 500 (Internal Server Error) @ http://localhost:3000/api/notifications/unread-count:0
[ 2970612ms] [ERROR] Failed to load resource: the server responded with a status of 500 (Internal Server Error) @ http://localhost:3000/api/notifications/unread-count:0
[ 3000620ms] [ERROR] Failed to load resource: the server responded with a status of 500 (Internal Server Error) @ http://localhost:3000/api/notifications/unread-count:0
[ 3030617ms] [ERROR] Failed to load resource: the server responded with a status of 500 (Internal Server Error) @ http://localhost:3000/api/notifications/unread-count:0
[ 3060617ms] [ERROR] Failed to load resource: the server responded with a status of 500 (Internal Server Error) @ http://localhost:3000/api/notifications/unread-count:0
[ 3090614ms] [ERROR] Failed to load resource: the server responded with a status of 500 (Internal Server Error) @ http://localhost:3000/api/notifications/unread-count:0
[ 3120613ms] [ERROR] Failed to load resource: the server responded with a status of 500 (Internal Server Error) @ http://localhost:3000/api/notifications/unread-count:0
[ 3150617ms] [ERROR] Failed to load resource: the server responded with a status of 500 (Internal Server Error) @ http://localhost:3000/api/notifications/unread-count:0
[ 3180621ms] [ERROR] Failed to load resource: the server responded with a status of 500 (Internal Server Error) @ http://localhost:3000/api/notifications/unread-count:0
[ 3210612ms] [ERROR] Failed to load resource: the server responded with a status of 500 (Internal Server Error) @ http://localhost:3000/api/notifications/unread-count:0
[ 3240616ms] [ERROR] Failed to load resource: the server responded with a status of 500 (Internal Server Error) @ http://localhost:3000/api/notifications/unread-count:0
[ 3270616ms] [ERROR] Failed to load resource: the server responded with a status of 500 (Internal Server Error) @ http://localhost:3000/api/notifications/unread-count:0
[ 3300617ms] [ERROR] Failed to load resource: the server responded with a status of 500 (Internal Server Error) @ http://localhost:3000/api/notifications/unread-count:0
[ 3330624ms] [ERROR] Failed to load resource: the server responded with a status of 500 (Internal Server Error) @ http://localhost:3000/api/notifications/unread-count:0
[ 3360618ms] [ERROR] Failed to load resource: the server responded with a status of 500 (Internal Server Error) @ http://localhost:3000/api/notifications/unread-count:0
[ 3390622ms] [ERROR] Failed to load resource: the server responded with a status of 500 (Internal Server Error) @ http://localhost:3000/api/notifications/unread-count:0
[ 3420625ms] [ERROR] Failed to load resource: the server responded with a status of 500 (Internal Server Error) @ http://localhost:3000/api/notifications/unread-count:0
[ 3450628ms] [ERROR] Failed to load resource: the server responded with a status of 500 (Internal Server Error) @ http://localhost:3000/api/notifications/unread-count:0
[ 3480616ms] [ERROR] Failed to load resource: the server responded with a status of 500 (Internal Server Error) @ http://localhost:3000/api/notifications/unread-count:0
[ 3510622ms] [ERROR] Failed to load resource: the server responded with a status of 500 (Internal Server Error) @ http://localhost:3000/api/notifications/unread-count:0
[ 3540616ms] [ERROR] Failed to load resource: the server responded with a status of 500 (Internal Server Error) @ http://localhost:3000/api/notifications/unread-count:0
[ 3570620ms] [ERROR] Failed to load resource: the server responded with a status of 500 (Internal Server Error) @ http://localhost:3000/api/notifications/unread-count:0
[ 3600612ms] [ERROR] Failed to load resource: the server responded with a status of 500 (Internal Server Error) @ http://localhost:3000/api/notifications/unread-count:0
[ 3630625ms] [ERROR] Failed to load resource: the server responded with a status of 500 (Internal Server Error) @ http://localhost:3000/api/notifications/unread-count:0
[ 3660623ms] [ERROR] Failed to load resource: the server responded with a status of 500 (Internal Server Error) @ http://localhost:3000/api/notifications/unread-count:0
[ 3690616ms] [ERROR] Failed to load resource: the server responded with a status of 500 (Internal Server Error) @ http://localhost:3000/api/notifications/unread-count:0
[ 3720622ms] [ERROR] Failed to load resource: the server responded with a status of 500 (Internal Server Error) @ http://localhost:3000/api/notifications/unread-count:0
[ 3750625ms] [ERROR] Failed to load resource: the server responded with a status of 500 (Internal Server Error) @ http://localhost:3000/api/notifications/unread-count:0
[ 3780618ms] [ERROR] Failed to load resource: the server responded with a status of 500 (Internal Server Error) @ http://localhost:3000/api/notifications/unread-count:0
[ 3810621ms] [ERROR] Failed to load resource: the server responded with a status of 500 (Internal Server Error) @ http://localhost:3000/api/notifications/unread-count:0
[ 3840613ms] [ERROR] Failed to load resource: the server responded with a status of 500 (Internal Server Error) @ http://localhost:3000/api/notifications/unread-count:0
[ 3870626ms] [ERROR] Failed to load resource: the server responded with a status of 500 (Internal Server Error) @ http://localhost:3000/api/notifications/unread-count:0
[ 3900625ms] [ERROR] Failed to load resource: the server responded with a status of 500 (Internal Server Error) @ http://localhost:3000/api/notifications/unread-count:0
[ 3930622ms] [ERROR] Failed to load resource: the server responded with a status of 500 (Internal Server Error) @ http://localhost:3000/api/notifications/unread-count:0
[ 3960624ms] [ERROR] Failed to load resource: the server responded with a status of 500 (Internal Server Error) @ http://localhost:3000/api/notifications/unread-count:0
[ 3990612ms] [ERROR] Failed to load resource: the server responded with a status of 500 (Internal Server Error) @ http://localhost:3000/api/notifications/unread-count:0
[ 4020622ms] [ERROR] Failed to load resource: the server responded with a status of 500 (Internal Server Error) @ http://localhost:3000/api/notifications/unread-count:0
[ 4052947ms] [ERROR] Failed to load resource: net::ERR_CONNECTION_REFUSED @ http://localhost:3000/api/notifications/unread-count:0
[ 4052947ms] [ERROR] Error fetching unread count: TypeError: Failed to fetch
    at eval (webpack-internal:///(app-pages-browser)/./src/components/notifications/NotificationDropdown.jsx:46:36)
    at eval (webpack-internal:///(app-pages-browser)/./src/components/notifications/NotificationDropdown.jsx:115:13) @ webpack-internal:///(app-pages-browser)/./node_modules/next/dist/client/app-index.js:32
[ 4082954ms] [ERROR] Failed to load resource: net::ERR_CONNECTION_REFUSED @ http://localhost:3000/api/notifications/unread-count:0
[ 4082954ms] [ERROR] Error fetching unread count: TypeError: Failed to fetch
    at eval (webpack-internal:///(app-pages-browser)/./src/components/notifications/NotificationDropdown.jsx:46:36)
    at eval (webpack-internal:///(app-pages-browser)/./src/components/notifications/NotificationDropdown.jsx:115:13) @ webpack-internal:///(app-pages-browser)/./node_modules/next/dist/client/app-index.js:32
[ 4112935ms] [ERROR] Failed to load resource: net::ERR_CONNECTION_REFUSED @ http://localhost:3000/api/notifications/unread-count:0
[ 4112935ms] [ERROR] Error fetching unread count: TypeError: Failed to fetch
    at eval (webpack-internal:///(app-pages-browser)/./src/components/notifications/NotificationDropdown.jsx:46:36)
    at eval (webpack-internal:///(app-pages-browser)/./src/components/notifications/NotificationDropdown.jsx:115:13) @ webpack-internal:///(app-pages-browser)/./node_modules/next/dist/client/app-index.js:32
[ 4142933ms] [ERROR] Failed to load resource: net::ERR_CONNECTION_REFUSED @ http://localhost:3000/api/notifications/unread-count:0
[ 4142933ms] [ERROR] Error fetching unread count: TypeError: Failed to fetch
    at eval (webpack-internal:///(app-pages-browser)/./src/components/notifications/NotificationDropdown.jsx:46:36)
    at eval (webpack-internal:///(app-pages-browser)/./src/components/notifications/NotificationDropdown.jsx:115:13) @ webpack-internal:///(app-pages-browser)/./node_modules/next/dist/client/app-index.js:32
[ 4172947ms] [ERROR] Failed to load resource: net::ERR_CONNECTION_REFUSED @ http://localhost:3000/api/notifications/unread-count:0
[ 4172947ms] [ERROR] Error fetching unread count: TypeError: Failed to fetch
    at eval (webpack-internal:///(app-pages-browser)/./src/components/notifications/NotificationDropdown.jsx:46:36)
    at eval (webpack-internal:///(app-pages-browser)/./src/components/notifications/NotificationDropdown.jsx:115:13) @ webpack-internal:///(app-pages-browser)/./node_modules/next/dist/client/app-index.js:32
[ 4202932ms] [ERROR] Failed to load resource: net::ERR_CONNECTION_REFUSED @ http://localhost:3000/api/notifications/unread-count:0
[ 4202932ms] [ERROR] Error fetching unread count: TypeError: Failed to fetch
    at eval (webpack-internal:///(app-pages-browser)/./src/components/notifications/NotificationDropdown.jsx:46:36)
    at eval (webpack-internal:///(app-pages-browser)/./src/components/notifications/NotificationDropdown.jsx:115:13) @ webpack-internal:///(app-pages-browser)/./node_modules/next/dist/client/app-index.js:32
[ 4232949ms] [ERROR] Failed to load resource: net::ERR_CONNECTION_REFUSED @ http://localhost:3000/api/notifications/unread-count:0
[ 4232950ms] [ERROR] Error fetching unread count: TypeError: Failed to fetch
    at eval (webpack-internal:///(app-pages-browser)/./src/components/notifications/NotificationDropdown.jsx:46:36)
    at eval (webpack-internal:///(app-pages-browser)/./src/components/notifications/NotificationDropdown.jsx:115:13) @ webpack-internal:///(app-pages-browser)/./node_modules/next/dist/client/app-index.js:32
[ 4262950ms] [ERROR] Failed to load resource: net::ERR_CONNECTION_REFUSED @ http://localhost:3000/api/notifications/unread-count:0
[ 4262950ms] [ERROR] Error fetching unread count: TypeError: Failed to fetch
    at eval (webpack-internal:///(app-pages-browser)/./src/components/notifications/NotificationDropdown.jsx:46:36)
    at eval (webpack-internal:///(app-pages-browser)/./src/components/notifications/NotificationDropdown.jsx:115:13) @ webpack-internal:///(app-pages-browser)/./node_modules/next/dist/client/app-index.js:32
[ 4292952ms] [ERROR] Failed to load resource: net::ERR_CONNECTION_REFUSED @ http://localhost:3000/api/notifications/unread-count:0
[ 4292952ms] [ERROR] Error fetching unread count: TypeError: Failed to fetch
    at eval (webpack-internal:///(app-pages-browser)/./src/components/notifications/NotificationDropdown.jsx:46:36)
    at eval (webpack-internal:///(app-pages-browser)/./src/components/notifications/NotificationDropdown.jsx:115:13) @ webpack-internal:///(app-pages-browser)/./node_modules/next/dist/client/app-index.js:32
[ 4322922ms] [ERROR] Failed to load resource: net::ERR_CONNECTION_REFUSED @ http://localhost:3000/api/notifications/unread-count:0
[ 4322922ms] [ERROR] Error fetching unread count: TypeError: Failed to fetch
    at eval (webpack-internal:///(app-pages-browser)/./src/components/notifications/NotificationDropdown.jsx:46:36)
    at eval (webpack-internal:///(app-pages-browser)/./src/components/notifications/NotificationDropdown.jsx:115:13) @ webpack-internal:///(app-pages-browser)/./node_modules/next/dist/client/app-index.js:32
[ 4352931ms] [ERROR] Failed to load resource: net::ERR_CONNECTION_REFUSED @ http://localhost:3000/api/notifications/unread-count:0
[ 4352931ms] [ERROR] Error fetching unread count: TypeError: Failed to fetch
    at eval (webpack-internal:///(app-pages-browser)/./src/components/notifications/NotificationDropdown.jsx:46:36)
    at eval (webpack-internal:///(app-pages-browser)/./src/components/notifications/NotificationDropdown.jsx:115:13) @ webpack-internal:///(app-pages-browser)/./node_modules/next/dist/client/app-index.js:32
[ 4382945ms] [ERROR] Failed to load resource: net::ERR_CONNECTION_REFUSED @ http://localhost:3000/api/notifications/unread-count:0
[ 4382945ms] [ERROR] Error fetching unread count: TypeError: Failed to fetch
    at eval (webpack-internal:///(app-pages-browser)/./src/components/notifications/NotificationDropdown.jsx:46:36)
    at eval (webpack-internal:///(app-pages-browser)/./src/components/notifications/NotificationDropdown.jsx:115:13) @ webpack-internal:///(app-pages-browser)/./node_modules/next/dist/client/app-index.js:32
[ 4412945ms] [ERROR] Failed to load resource: net::ERR_CONNECTION_REFUSED @ http://localhost:3000/api/notifications/unread-count:0
[ 4412945ms] [ERROR] Error fetching unread count: TypeError: Failed to fetch
    at eval (webpack-internal:///(app-pages-browser)/./src/components/notifications/NotificationDropdown.jsx:46:36)
    at eval (webpack-internal:///(app-pages-browser)/./src/components/notifications/NotificationDropdown.jsx:115:13) @ webpack-internal:///(app-pages-browser)/./node_modules/next/dist/client/app-index.js:32
[ 4442948ms] [ERROR] Failed to load resource: net::ERR_CONNECTION_REFUSED @ http://localhost:3000/api/notifications/unread-count:0
[ 4442949ms] [ERROR] Error fetching unread count: TypeError: Failed to fetch
    at eval (webpack-internal:///(app-pages-browser)/./src/components/notifications/NotificationDropdown.jsx:46:36)
    at eval (webpack-internal:///(app-pages-browser)/./src/components/notifications/NotificationDropdown.jsx:115:13) @ webpack-internal:///(app-pages-browser)/./node_modules/next/dist/client/app-index.js:32
[ 4472947ms] [ERROR] Failed to load resource: net::ERR_CONNECTION_REFUSED @ http://localhost:3000/api/notifications/unread-count:0
[ 4472947ms] [ERROR] Error fetching unread count: TypeError: Failed to fetch
    at eval (webpack-internal:///(app-pages-browser)/./src/components/notifications/NotificationDropdown.jsx:46:36)
    at eval (webpack-internal:///(app-pages-browser)/./src/components/notifications/NotificationDropdown.jsx:115:13) @ webpack-internal:///(app-pages-browser)/./node_modules/next/dist/client/app-index.js:32
[ 4502934ms] [ERROR] Failed to load resource: net::ERR_CONNECTION_REFUSED @ http://localhost:3000/api/notifications/unread-count:0
[ 4502934ms] [ERROR] Error fetching unread count: TypeError: Failed to fetch
    at eval (webpack-internal:///(app-pages-browser)/./src/components/notifications/NotificationDropdown.jsx:46:36)
    at eval (webpack-internal:///(app-pages-browser)/./src/components/notifications/NotificationDropdown.jsx:115:13) @ webpack-internal:///(app-pages-browser)/./node_modules/next/dist/client/app-index.js:32
[ 4532925ms] [ERROR] Failed to load resource: net::ERR_CONNECTION_REFUSED @ http://localhost:3000/api/notifications/unread-count:0
[ 4532925ms] [ERROR] Error fetching unread count: TypeError: Failed to fetch
    at eval (webpack-internal:///(app-pages-browser)/./src/components/notifications/NotificationDropdown.jsx:46:36)
    at eval (webpack-internal:///(app-pages-browser)/./src/components/notifications/NotificationDropdown.jsx:115:13) @ webpack-internal:///(app-pages-browser)/./node_modules/next/dist/client/app-index.js:32
[ 4562944ms] [ERROR] Failed to load resource: net::ERR_CONNECTION_REFUSED @ http://localhost:3000/api/notifications/unread-count:0
[ 4562945ms] [ERROR] Error fetching unread count: TypeError: Failed to fetch
    at eval (webpack-internal:///(app-pages-browser)/./src/components/notifications/NotificationDropdown.jsx:46:36)
    at eval (webpack-internal:///(app-pages-browser)/./src/components/notifications/NotificationDropdown.jsx:115:13) @ webpack-internal:///(app-pages-browser)/./node_modules/next/dist/client/app-index.js:32
[ 4592943ms] [ERROR] Failed to load resource: net::ERR_CONNECTION_REFUSED @ http://localhost:3000/api/notifications/unread-count:0
[ 4592943ms] [ERROR] Error fetching unread count: TypeError: Failed to fetch
    at eval (webpack-internal:///(app-pages-browser)/./src/components/notifications/NotificationDropdown.jsx:46:36)
    at eval (webpack-internal:///(app-pages-browser)/./src/components/notifications/NotificationDropdown.jsx:115:13) @ webpack-internal:///(app-pages-browser)/./node_modules/next/dist/client/app-index.js:32
[ 4622941ms] [ERROR] Failed to load resource: net::ERR_CONNECTION_REFUSED @ http://localhost:3000/api/notifications/unread-count:0
[ 4622941ms] [ERROR] Error fetching unread count: TypeError: Failed to fetch
    at eval (webpack-internal:///(app-pages-browser)/./src/components/notifications/NotificationDropdown.jsx:46:36)
    at eval (webpack-internal:///(app-pages-browser)/./src/components/notifications/NotificationDropdown.jsx:115:13) @ webpack-internal:///(app-pages-browser)/./node_modules/next/dist/client/app-index.js:32
[ 4652942ms] [ERROR] Failed to load resource: net::ERR_CONNECTION_REFUSED @ http://localhost:3000/api/notifications/unread-count:0
[ 4652942ms] [ERROR] Error fetching unread count: TypeError: Failed to fetch
    at eval (webpack-internal:///(app-pages-browser)/./src/components/notifications/NotificationDropdown.jsx:46:36)
    at eval (webpack-internal:///(app-pages-browser)/./src/components/notifications/NotificationDropdown.jsx:115:13) @ webpack-internal:///(app-pages-browser)/./node_modules/next/dist/client/app-index.js:32
[ 4682938ms] [ERROR] Failed to load resource: net::ERR_CONNECTION_REFUSED @ http://localhost:3000/api/notifications/unread-count:0
[ 4682939ms] [ERROR] Error fetching unread count: TypeError: Failed to fetch
    at eval (webpack-internal:///(app-pages-browser)/./src/components/notifications/NotificationDropdown.jsx:46:36)
    at eval (webpack-internal:///(app-pages-browser)/./src/components/notifications/NotificationDropdown.jsx:115:13) @ webpack-internal:///(app-pages-browser)/./node_modules/next/dist/client/app-index.js:32
[ 4712923ms] [ERROR] Failed to load resource: net::ERR_CONNECTION_REFUSED @ http://localhost:3000/api/notifications/unread-count:0
[ 4712924ms] [ERROR] Error fetching unread count: TypeError: Failed to fetch
    at eval (webpack-internal:///(app-pages-browser)/./src/components/notifications/NotificationDropdown.jsx:46:36)
    at eval (webpack-internal:///(app-pages-browser)/./src/components/notifications/NotificationDropdown.jsx:115:13) @ webpack-internal:///(app-pages-browser)/./node_modules/next/dist/client/app-index.js:32
[ 4742949ms] [ERROR] Failed to load resource: net::ERR_CONNECTION_REFUSED @ http://localhost:3000/api/notifications/unread-count:0
[ 4742949ms] [ERROR] Error fetching unread count: TypeError: Failed to fetch
    at eval (webpack-internal:///(app-pages-browser)/./src/components/notifications/NotificationDropdown.jsx:46:36)
    at eval (webpack-internal:///(app-pages-browser)/./src/components/notifications/NotificationDropdown.jsx:115:13) @ webpack-internal:///(app-pages-browser)/./node_modules/next/dist/client/app-index.js:32
[ 4772936ms] [ERROR] Failed to load resource: net::ERR_CONNECTION_REFUSED @ http://localhost:3000/api/notifications/unread-count:0
[ 4772936ms] [ERROR] Error fetching unread count: TypeError: Failed to fetch
    at eval (webpack-internal:///(app-pages-browser)/./src/components/notifications/NotificationDropdown.jsx:46:36)
    at eval (webpack-internal:///(app-pages-browser)/./src/components/notifications/NotificationDropdown.jsx:115:13) @ webpack-internal:///(app-pages-browser)/./node_modules/next/dist/client/app-index.js:32
[ 4802938ms] [ERROR] Failed to load resource: net::ERR_CONNECTION_REFUSED @ http://localhost:3000/api/notifications/unread-count:0
[ 4802939ms] [ERROR] Error fetching unread count: TypeError: Failed to fetch
    at eval (webpack-internal:///(app-pages-browser)/./src/components/notifications/NotificationDropdown.jsx:46:36)
    at eval (webpack-internal:///(app-pages-browser)/./src/components/notifications/NotificationDropdown.jsx:115:13) @ webpack-internal:///(app-pages-browser)/./node_modules/next/dist/client/app-index.js:32
[ 4832951ms] [ERROR] Failed to load resource: net::ERR_CONNECTION_REFUSED @ http://localhost:3000/api/notifications/unread-count:0
[ 4832951ms] [ERROR] Error fetching unread count: TypeError: Failed to fetch
    at eval (webpack-internal:///(app-pages-browser)/./src/components/notifications/NotificationDropdown.jsx:46:36)
    at eval (webpack-internal:///(app-pages-browser)/./src/components/notifications/NotificationDropdown.jsx:115:13) @ webpack-internal:///(app-pages-browser)/./node_modules/next/dist/client/app-index.js:32
[ 4862951ms] [ERROR] Failed to load resource: net::ERR_CONNECTION_REFUSED @ http://localhost:3000/api/notifications/unread-count:0
[ 4862952ms] [ERROR] Error fetching unread count: TypeError: Failed to fetch
    at eval (webpack-internal:///(app-pages-browser)/./src/components/notifications/NotificationDropdown.jsx:46:36)
    at eval (webpack-internal:///(app-pages-browser)/./src/components/notifications/NotificationDropdown.jsx:115:13) @ webpack-internal:///(app-pages-browser)/./node_modules/next/dist/client/app-index.js:32
[ 4892952ms] [ERROR] Failed to load resource: net::ERR_CONNECTION_REFUSED @ http://localhost:3000/api/notifications/unread-count:0
[ 4892952ms] [ERROR] Error fetching unread count: TypeError: Failed to fetch
    at eval (webpack-internal:///(app-pages-browser)/./src/components/notifications/NotificationDropdown.jsx:46:36)
    at eval (webpack-internal:///(app-pages-browser)/./src/components/notifications/NotificationDropdown.jsx:115:13) @ webpack-internal:///(app-pages-browser)/./node_modules/next/dist/client/app-index.js:32
[ 4922938ms] [ERROR] Failed to load resource: net::ERR_CONNECTION_REFUSED @ http://localhost:3000/api/notifications/unread-count:0
[ 4922938ms] [ERROR] Error fetching unread count: TypeError: Failed to fetch
    at eval (webpack-internal:///(app-pages-browser)/./src/components/notifications/NotificationDropdown.jsx:46:36)
    at eval (webpack-internal:///(app-pages-browser)/./src/components/notifications/NotificationDropdown.jsx:115:13) @ webpack-internal:///(app-pages-browser)/./node_modules/next/dist/client/app-index.js:32
[ 4952956ms] [ERROR] Failed to load resource: net::ERR_CONNECTION_REFUSED @ http://localhost:3000/api/notifications/unread-count:0
[ 4952956ms] [ERROR] Error fetching unread count: TypeError: Failed to fetch
    at eval (webpack-internal:///(app-pages-browser)/./src/components/notifications/NotificationDropdown.jsx:46:36)
    at eval (webpack-internal:///(app-pages-browser)/./src/components/notifications/NotificationDropdown.jsx:115:13) @ webpack-internal:///(app-pages-browser)/./node_modules/next/dist/client/app-index.js:32
[ 4982938ms] [ERROR] Failed to load resource: net::ERR_CONNECTION_REFUSED @ http://localhost:3000/api/notifications/unread-count:0
[ 4982938ms] [ERROR] Error fetching unread count: TypeError: Failed to fetch
    at eval (webpack-internal:///(app-pages-browser)/./src/components/notifications/NotificationDropdown.jsx:46:36)
    at eval (webpack-internal:///(app-pages-browser)/./src/components/notifications/NotificationDropdown.jsx:115:13) @ webpack-internal:///(app-pages-browser)/./node_modules/next/dist/client/app-index.js:32
[ 5012956ms] [ERROR] Failed to load resource: net::ERR_CONNECTION_REFUSED @ http://localhost:3000/api/notifications/unread-count:0
[ 5012956ms] [ERROR] Error fetching unread count: TypeError: Failed to fetch
    at eval (webpack-internal:///(app-pages-browser)/./src/components/notifications/NotificationDropdown.jsx:46:36)
    at eval (webpack-internal:///(app-pages-browser)/./src/components/notifications/NotificationDropdown.jsx:115:13) @ webpack-internal:///(app-pages-browser)/./node_modules/next/dist/client/app-index.js:32
[ 5042939ms] [ERROR] Failed to load resource: net::ERR_CONNECTION_REFUSED @ http://localhost:3000/api/notifications/unread-count:0
[ 5042939ms] [ERROR] Error fetching unread count: TypeError: Failed to fetch
    at eval (webpack-internal:///(app-pages-browser)/./src/components/notifications/NotificationDropdown.jsx:46:36)
    at eval (webpack-internal:///(app-pages-browser)/./src/components/notifications/NotificationDropdown.jsx:115:13) @ webpack-internal:///(app-pages-browser)/./node_modules/next/dist/client/app-index.js:32
[ 5072921ms] [ERROR] Failed to load resource: net::ERR_CONNECTION_REFUSED @ http://localhost:3000/api/notifications/unread-count:0
[ 5072921ms] [ERROR] Error fetching unread count: TypeError: Failed to fetch
    at eval (webpack-internal:///(app-pages-browser)/./src/components/notifications/NotificationDropdown.jsx:46:36)
    at eval (webpack-internal:///(app-pages-browser)/./src/components/notifications/NotificationDropdown.jsx:115:13) @ webpack-internal:///(app-pages-browser)/./node_modules/next/dist/client/app-index.js:32
[ 5102944ms] [ERROR] Failed to load resource: net::ERR_CONNECTION_REFUSED @ http://localhost:3000/api/notifications/unread-count:0
[ 5102945ms] [ERROR] Error fetching unread count: TypeError: Failed to fetch
    at eval (webpack-internal:///(app-pages-browser)/./src/components/notifications/NotificationDropdown.jsx:46:36)
    at eval (webpack-internal:///(app-pages-browser)/./src/components/notifications/NotificationDropdown.jsx:115:13) @ webpack-internal:///(app-pages-browser)/./node_modules/next/dist/client/app-index.js:32
[ 5132953ms] [ERROR] Failed to load resource: net::ERR_CONNECTION_REFUSED @ http://localhost:3000/api/notifications/unread-count:0
[ 5132953ms] [ERROR] Error fetching unread count: TypeError: Failed to fetch
    at eval (webpack-internal:///(app-pages-browser)/./src/components/notifications/NotificationDropdown.jsx:46:36)
    at eval (webpack-internal:///(app-pages-browser)/./src/components/notifications/NotificationDropdown.jsx:115:13) @ webpack-internal:///(app-pages-browser)/./node_modules/next/dist/client/app-index.js:32
[ 5162960ms] [ERROR] Failed to load resource: net::ERR_CONNECTION_REFUSED @ http://localhost:3000/api/notifications/unread-count:0
[ 5162960ms] [ERROR] Error fetching unread count: TypeError: Failed to fetch
    at eval (webpack-internal:///(app-pages-browser)/./src/components/notifications/NotificationDropdown.jsx:46:36)
    at eval (webpack-internal:///(app-pages-browser)/./src/components/notifications/NotificationDropdown.jsx:115:13) @ webpack-internal:///(app-pages-browser)/./node_modules/next/dist/client/app-index.js:32
[ 5192946ms] [ERROR] Failed to load resource: net::ERR_CONNECTION_REFUSED @ http://localhost:3000/api/notifications/unread-count:0
[ 5192946ms] [ERROR] Error fetching unread count: TypeError: Failed to fetch
    at eval (webpack-internal:///(app-pages-browser)/./src/components/notifications/NotificationDropdown.jsx:46:36)
    at eval (webpack-internal:///(app-pages-browser)/./src/components/notifications/NotificationDropdown.jsx:115:13) @ webpack-internal:///(app-pages-browser)/./node_modules/next/dist/client/app-index.js:32
[ 5222937ms] [ERROR] Failed to load resource: net::ERR_CONNECTION_REFUSED @ http://localhost:3000/api/notifications/unread-count:0
[ 5222937ms] [ERROR] Error fetching unread count: TypeError: Failed to fetch
    at eval (webpack-internal:///(app-pages-browser)/./src/components/notifications/NotificationDropdown.jsx:46:36)
    at eval (webpack-internal:///(app-pages-browser)/./src/components/notifications/NotificationDropdown.jsx:115:13) @ webpack-internal:///(app-pages-browser)/./node_modules/next/dist/client/app-index.js:32
[ 5252960ms] [ERROR] Failed to load resource: net::ERR_CONNECTION_REFUSED @ http://localhost:3000/api/notifications/unread-count:0
[ 5252961ms] [ERROR] Error fetching unread count: TypeError: Failed to fetch
    at eval (webpack-internal:///(app-pages-browser)/./src/components/notifications/NotificationDropdown.jsx:46:36)
    at eval (webpack-internal:///(app-pages-browser)/./src/components/notifications/NotificationDropdown.jsx:115:13) @ webpack-internal:///(app-pages-browser)/./node_modules/next/dist/client/app-index.js:32
[ 5282918ms] [ERROR] Failed to load resource: net::ERR_CONNECTION_REFUSED @ http://localhost:3000/api/notifications/unread-count:0
[ 5282918ms] [ERROR] Error fetching unread count: TypeError: Failed to fetch
    at eval (webpack-internal:///(app-pages-browser)/./src/components/notifications/NotificationDropdown.jsx:46:36)
    at eval (webpack-internal:///(app-pages-browser)/./src/components/notifications/NotificationDropdown.jsx:115:13) @ webpack-internal:///(app-pages-browser)/./node_modules/next/dist/client/app-index.js:32
[ 5312953ms] [ERROR] Failed to load resource: net::ERR_CONNECTION_REFUSED @ http://localhost:3000/api/notifications/unread-count:0
[ 5312953ms] [ERROR] Error fetching unread count: TypeError: Failed to fetch
    at eval (webpack-internal:///(app-pages-browser)/./src/components/notifications/NotificationDropdown.jsx:46:36)
    at eval (webpack-internal:///(app-pages-browser)/./src/components/notifications/NotificationDropdown.jsx:115:13) @ webpack-internal:///(app-pages-browser)/./node_modules/next/dist/client/app-index.js:32
[ 5342933ms] [ERROR] Failed to load resource: net::ERR_CONNECTION_REFUSED @ http://localhost:3000/api/notifications/unread-count:0
[ 5342933ms] [ERROR] Error fetching unread count: TypeError: Failed to fetch
    at eval (webpack-internal:///(app-pages-browser)/./src/components/notifications/NotificationDropdown.jsx:46:36)
    at eval (webpack-internal:///(app-pages-browser)/./src/components/notifications/NotificationDropdown.jsx:115:13) @ webpack-internal:///(app-pages-browser)/./node_modules/next/dist/client/app-index.js:32
[ 5372953ms] [ERROR] Failed to load resource: net::ERR_CONNECTION_REFUSED @ http://localhost:3000/api/notifications/unread-count:0
[ 5372953ms] [ERROR] Error fetching unread count: TypeError: Failed to fetch
    at eval (webpack-internal:///(app-pages-browser)/./src/components/notifications/NotificationDropdown.jsx:46:36)
    at eval (webpack-internal:///(app-pages-browser)/./src/components/notifications/NotificationDropdown.jsx:115:13) @ webpack-internal:///(app-pages-browser)/./node_modules/next/dist/client/app-index.js:32
[ 5402924ms] [ERROR] Failed to load resource: net::ERR_CONNECTION_REFUSED @ http://localhost:3000/api/notifications/unread-count:0
[ 5402924ms] [ERROR] Error fetching unread count: TypeError: Failed to fetch
    at eval (webpack-internal:///(app-pages-browser)/./src/components/notifications/NotificationDropdown.jsx:46:36)
    at eval (webpack-internal:///(app-pages-browser)/./src/components/notifications/NotificationDropdown.jsx:115:13) @ webpack-internal:///(app-pages-browser)/./node_modules/next/dist/client/app-index.js:32
[ 5432939ms] [ERROR] Failed to load resource: net::ERR_CONNECTION_REFUSED @ http://localhost:3000/api/notifications/unread-count:0
[ 5432939ms] [ERROR] Error fetching unread count: TypeError: Failed to fetch
    at eval (webpack-internal:///(app-pages-browser)/./src/components/notifications/NotificationDropdown.jsx:46:36)
    at eval (webpack-internal:///(app-pages-browser)/./src/components/notifications/NotificationDropdown.jsx:115:13) @ webpack-internal:///(app-pages-browser)/./node_modules/next/dist/client/app-index.js:32
[ 5462949ms] [ERROR] Failed to load resource: net::ERR_CONNECTION_REFUSED @ http://localhost:3000/api/notifications/unread-count:0
[ 5462950ms] [ERROR] Error fetching unread count: TypeError: Failed to fetch
    at eval (webpack-internal:///(app-pages-browser)/./src/components/notifications/NotificationDropdown.jsx:46:36)
    at eval (webpack-internal:///(app-pages-browser)/./src/components/notifications/NotificationDropdown.jsx:115:13) @ webpack-internal:///(app-pages-browser)/./node_modules/next/dist/client/app-index.js:32
[ 5492933ms] [ERROR] Failed to load resource: net::ERR_CONNECTION_REFUSED @ http://localhost:3000/api/notifications/unread-count:0
[ 5492933ms] [ERROR] Error fetching unread count: TypeError: Failed to fetch
    at eval (webpack-internal:///(app-pages-browser)/./src/components/notifications/NotificationDropdown.jsx:46:36)
    at eval (webpack-internal:///(app-pages-browser)/./src/components/notifications/NotificationDropdown.jsx:115:13) @ webpack-internal:///(app-pages-browser)/./node_modules/next/dist/client/app-index.js:32
[ 5522948ms] [ERROR] Failed to load resource: net::ERR_CONNECTION_REFUSED @ http://localhost:3000/api/notifications/unread-count:0
[ 5522948ms] [ERROR] Error fetching unread count: TypeError: Failed to fetch
    at eval (webpack-internal:///(app-pages-browser)/./src/components/notifications/NotificationDropdown.jsx:46:36)
    at eval (webpack-internal:///(app-pages-browser)/./src/components/notifications/NotificationDropdown.jsx:115:13) @ webpack-internal:///(app-pages-browser)/./node_modules/next/dist/client/app-index.js:32
[ 5552921ms] [ERROR] Failed to load resource: net::ERR_CONNECTION_REFUSED @ http://localhost:3000/api/notifications/unread-count:0
[ 5552921ms] [ERROR] Error fetching unread count: TypeError: Failed to fetch
    at eval (webpack-internal:///(app-pages-browser)/./src/components/notifications/NotificationDropdown.jsx:46:36)
    at eval (webpack-internal:///(app-pages-browser)/./src/components/notifications/NotificationDropdown.jsx:115:13) @ webpack-internal:///(app-pages-browser)/./node_modules/next/dist/client/app-index.js:32
[ 5582937ms] [ERROR] Failed to load resource: net::ERR_CONNECTION_REFUSED @ http://localhost:3000/api/notifications/unread-count:0
[ 5582937ms] [ERROR] Error fetching unread count: TypeError: Failed to fetch
    at eval (webpack-internal:///(app-pages-browser)/./src/components/notifications/NotificationDropdown.jsx:46:36)
    at eval (webpack-internal:///(app-pages-browser)/./src/components/notifications/NotificationDropdown.jsx:115:13) @ webpack-internal:///(app-pages-browser)/./node_modules/next/dist/client/app-index.js:32
[ 5612935ms] [ERROR] Failed to load resource: net::ERR_CONNECTION_REFUSED @ http://localhost:3000/api/notifications/unread-count:0
[ 5612935ms] [ERROR] Error fetching unread count: TypeError: Failed to fetch
    at eval (webpack-internal:///(app-pages-browser)/./src/components/notifications/NotificationDropdown.jsx:46:36)
    at eval (webpack-internal:///(app-pages-browser)/./src/components/notifications/NotificationDropdown.jsx:115:13) @ webpack-internal:///(app-pages-browser)/./node_modules/next/dist/client/app-index.js:32
[ 5642945ms] [ERROR] Failed to load resource: net::ERR_CONNECTION_REFUSED @ http://localhost:3000/api/notifications/unread-count:0
[ 5642945ms] [ERROR] Error fetching unread count: TypeError: Failed to fetch
    at eval (webpack-internal:///(app-pages-browser)/./src/components/notifications/NotificationDropdown.jsx:46:36)
    at eval (webpack-internal:///(app-pages-browser)/./src/components/notifications/NotificationDropdown.jsx:115:13) @ webpack-internal:///(app-pages-browser)/./node_modules/next/dist/client/app-index.js:32
[ 5672942ms] [ERROR] Failed to load resource: net::ERR_CONNECTION_REFUSED @ http://localhost:3000/api/notifications/unread-count:0
[ 5672942ms] [ERROR] Error fetching unread count: TypeError: Failed to fetch
    at eval (webpack-internal:///(app-pages-browser)/./src/components/notifications/NotificationDropdown.jsx:46:36)
    at eval (webpack-internal:///(app-pages-browser)/./src/components/notifications/NotificationDropdown.jsx:115:13) @ webpack-internal:///(app-pages-browser)/./node_modules/next/dist/client/app-index.js:32
[ 5702955ms] [ERROR] Failed to load resource: net::ERR_CONNECTION_REFUSED @ http://localhost:3000/api/notifications/unread-count:0
[ 5702955ms] [ERROR] Error fetching unread count: TypeError: Failed to fetch
    at eval (webpack-internal:///(app-pages-browser)/./src/components/notifications/NotificationDropdown.jsx:46:36)
    at eval (webpack-internal:///(app-pages-browser)/./src/components/notifications/NotificationDropdown.jsx:115:13) @ webpack-internal:///(app-pages-browser)/./node_modules/next/dist/client/app-index.js:32
[ 5732951ms] [ERROR] Failed to load resource: net::ERR_CONNECTION_REFUSED @ http://localhost:3000/api/notifications/unread-count:0
[ 5732951ms] [ERROR] Error fetching unread count: TypeError: Failed to fetch
    at eval (webpack-internal:///(app-pages-browser)/./src/components/notifications/NotificationDropdown.jsx:46:36)
    at eval (webpack-internal:///(app-pages-browser)/./src/components/notifications/NotificationDropdown.jsx:115:13) @ webpack-internal:///(app-pages-browser)/./node_modules/next/dist/client/app-index.js:32
[ 5762939ms] [ERROR] Failed to load resource: net::ERR_CONNECTION_REFUSED @ http://localhost:3000/api/notifications/unread-count:0
[ 5762939ms] [ERROR] Error fetching unread count: TypeError: Failed to fetch
    at eval (webpack-internal:///(app-pages-browser)/./src/components/notifications/NotificationDropdown.jsx:46:36)
    at eval (webpack-internal:///(app-pages-browser)/./src/components/notifications/NotificationDropdown.jsx:115:13) @ webpack-internal:///(app-pages-browser)/./node_modules/next/dist/client/app-index.js:32
[ 5792954ms] [ERROR] Failed to load resource: net::ERR_CONNECTION_REFUSED @ http://localhost:3000/api/notifications/unread-count:0
[ 5792954ms] [ERROR] Error fetching unread count: TypeError: Failed to fetch
    at eval (webpack-internal:///(app-pages-browser)/./src/components/notifications/NotificationDropdown.jsx:46:36)
    at eval (webpack-internal:///(app-pages-browser)/./src/components/notifications/NotificationDropdown.jsx:115:13) @ webpack-internal:///(app-pages-browser)/./node_modules/next/dist/client/app-index.js:32
[ 5822937ms] [ERROR] Failed to load resource: net::ERR_CONNECTION_REFUSED @ http://localhost:3000/api/notifications/unread-count:0
[ 5822938ms] [ERROR] Error fetching unread count: TypeError: Failed to fetch
    at eval (webpack-internal:///(app-pages-browser)/./src/components/notifications/NotificationDropdown.jsx:46:36)
    at eval (webpack-internal:///(app-pages-browser)/./src/components/notifications/NotificationDropdown.jsx:115:13) @ webpack-internal:///(app-pages-browser)/./node_modules/next/dist/client/app-index.js:32
[ 5852957ms] [ERROR] Failed to load resource: net::ERR_CONNECTION_REFUSED @ http://localhost:3000/api/notifications/unread-count:0
[ 5852957ms] [ERROR] Error fetching unread count: TypeError: Failed to fetch
    at eval (webpack-internal:///(app-pages-browser)/./src/components/notifications/NotificationDropdown.jsx:46:36)
    at eval (webpack-internal:///(app-pages-browser)/./src/components/notifications/NotificationDropdown.jsx:115:13) @ webpack-internal:///(app-pages-browser)/./node_modules/next/dist/client/app-index.js:32
[ 5882958ms] [ERROR] Failed to load resource: net::ERR_CONNECTION_REFUSED @ http://localhost:3000/api/notifications/unread-count:0
[ 5882958ms] [ERROR] Error fetching unread count: TypeError: Failed to fetch
    at eval (webpack-internal:///(app-pages-browser)/./src/components/notifications/NotificationDropdown.jsx:46:36)
    at eval (webpack-internal:///(app-pages-browser)/./src/components/notifications/NotificationDropdown.jsx:115:13) @ webpack-internal:///(app-pages-browser)/./node_modules/next/dist/client/app-index.js:32
[ 5912953ms] [ERROR] Failed to load resource: net::ERR_CONNECTION_REFUSED @ http://localhost:3000/api/notifications/unread-count:0
[ 5912953ms] [ERROR] Error fetching unread count: TypeError: Failed to fetch
    at eval (webpack-internal:///(app-pages-browser)/./src/components/notifications/NotificationDropdown.jsx:46:36)
    at eval (webpack-internal:///(app-pages-browser)/./src/components/notifications/NotificationDropdown.jsx:115:13) @ webpack-internal:///(app-pages-browser)/./node_modules/next/dist/client/app-index.js:32
[ 5942936ms] [ERROR] Failed to load resource: net::ERR_CONNECTION_REFUSED @ http://localhost:3000/api/notifications/unread-count:0
[ 5942936ms] [ERROR] Error fetching unread count: TypeError: Failed to fetch
    at eval (webpack-internal:///(app-pages-browser)/./src/components/notifications/NotificationDropdown.jsx:46:36)
    at eval (webpack-internal:///(app-pages-browser)/./src/components/notifications/NotificationDropdown.jsx:115:13) @ webpack-internal:///(app-pages-browser)/./node_modules/next/dist/client/app-index.js:32
[ 5972942ms] [ERROR] Failed to load resource: net::ERR_CONNECTION_REFUSED @ http://localhost:3000/api/notifications/unread-count:0
[ 5972942ms] [ERROR] Error fetching unread count: TypeError: Failed to fetch
    at eval (webpack-internal:///(app-pages-browser)/./src/components/notifications/NotificationDropdown.jsx:46:36)
    at eval (webpack-internal:///(app-pages-browser)/./src/components/notifications/NotificationDropdown.jsx:115:13) @ webpack-internal:///(app-pages-browser)/./node_modules/next/dist/client/app-index.js:32
[ 6002929ms] [ERROR] Failed to load resource: net::ERR_CONNECTION_REFUSED @ http://localhost:3000/api/notifications/unread-count:0
[ 6002930ms] [ERROR] Error fetching unread count: TypeError: Failed to fetch
    at eval (webpack-internal:///(app-pages-browser)/./src/components/notifications/NotificationDropdown.jsx:46:36)
    at eval (webpack-internal:///(app-pages-browser)/./src/components/notifications/NotificationDropdown.jsx:115:13) @ webpack-internal:///(app-pages-browser)/./node_modules/next/dist/client/app-index.js:32
[ 6032926ms] [ERROR] Failed to load resource: net::ERR_CONNECTION_REFUSED @ http://localhost:3000/api/notifications/unread-count:0
[ 6032926ms] [ERROR] Error fetching unread count: TypeError: Failed to fetch
    at eval (webpack-internal:///(app-pages-browser)/./src/components/notifications/NotificationDropdown.jsx:46:36)
    at eval (webpack-internal:///(app-pages-browser)/./src/components/notifications/NotificationDropdown.jsx:115:13) @ webpack-internal:///(app-pages-browser)/./node_modules/next/dist/client/app-index.js:32
[ 6062971ms] [ERROR] Failed to load resource: net::ERR_CONNECTION_REFUSED @ http://localhost:3000/api/notifications/unread-count:0
[ 6062971ms] [ERROR] Error fetching unread count: TypeError: Failed to fetch
    at eval (webpack-internal:///(app-pages-browser)/./src/components/notifications/NotificationDropdown.jsx:46:36)
    at eval (webpack-internal:///(app-pages-browser)/./src/components/notifications/NotificationDropdown.jsx:115:13) @ webpack-internal:///(app-pages-browser)/./node_modules/next/dist/client/app-index.js:32
[ 6092949ms] [ERROR] Failed to load resource: net::ERR_CONNECTION_REFUSED @ http://localhost:3000/api/notifications/unread-count:0
[ 6092949ms] [ERROR] Error fetching unread count: TypeError: Failed to fetch
    at eval (webpack-internal:///(app-pages-browser)/./src/components/notifications/NotificationDropdown.jsx:46:36)
    at eval (webpack-internal:///(app-pages-browser)/./src/components/notifications/NotificationDropdown.jsx:115:13) @ webpack-internal:///(app-pages-browser)/./node_modules/next/dist/client/app-index.js:32
[ 6122937ms] [ERROR] Failed to load resource: net::ERR_CONNECTION_REFUSED @ http://localhost:3000/api/notifications/unread-count:0
[ 6122937ms] [ERROR] Error fetching unread count: TypeError: Failed to fetch
    at eval (webpack-internal:///(app-pages-browser)/./src/components/notifications/NotificationDropdown.jsx:46:36)
    at eval (webpack-internal:///(app-pages-browser)/./src/components/notifications/NotificationDropdown.jsx:115:13) @ webpack-internal:///(app-pages-browser)/./node_modules/next/dist/client/app-index.js:32
[ 6152933ms] [ERROR] Failed to load resource: net::ERR_CONNECTION_REFUSED @ http://localhost:3000/api/notifications/unread-count:0
[ 6152933ms] [ERROR] Error fetching unread count: TypeError: Failed to fetch
    at eval (webpack-internal:///(app-pages-browser)/./src/components/notifications/NotificationDropdown.jsx:46:36)
    at eval (webpack-internal:///(app-pages-browser)/./src/components/notifications/NotificationDropdown.jsx:115:13) @ webpack-internal:///(app-pages-browser)/./node_modules/next/dist/client/app-index.js:32
[ 6182932ms] [ERROR] Failed to load resource: net::ERR_CONNECTION_REFUSED @ http://localhost:3000/api/notifications/unread-count:0
[ 6182932ms] [ERROR] Error fetching unread count: TypeError: Failed to fetch
    at eval (webpack-internal:///(app-pages-browser)/./src/components/notifications/NotificationDropdown.jsx:46:36)
    at eval (webpack-internal:///(app-pages-browser)/./src/components/notifications/NotificationDropdown.jsx:115:13) @ webpack-internal:///(app-pages-browser)/./node_modules/next/dist/client/app-index.js:32
[ 6212947ms] [ERROR] Failed to load resource: net::ERR_CONNECTION_REFUSED @ http://localhost:3000/api/notifications/unread-count:0
[ 6212947ms] [ERROR] Error fetching unread count: TypeError: Failed to fetch
    at eval (webpack-internal:///(app-pages-browser)/./src/components/notifications/NotificationDropdown.jsx:46:36)
    at eval (webpack-internal:///(app-pages-browser)/./src/components/notifications/NotificationDropdown.jsx:115:13) @ webpack-internal:///(app-pages-browser)/./node_modules/next/dist/client/app-index.js:32
[ 6242944ms] [ERROR] Failed to load resource: net::ERR_CONNECTION_REFUSED @ http://localhost:3000/api/notifications/unread-count:0
[ 6242944ms] [ERROR] Error fetching unread count: TypeError: Failed to fetch
    at eval (webpack-internal:///(app-pages-browser)/./src/components/notifications/NotificationDropdown.jsx:46:36)
    at eval (webpack-internal:///(app-pages-browser)/./src/components/notifications/NotificationDropdown.jsx:115:13) @ webpack-internal:///(app-pages-browser)/./node_modules/next/dist/client/app-index.js:32
[ 6272963ms] [ERROR] Failed to load resource: net::ERR_CONNECTION_REFUSED @ http://localhost:3000/api/notifications/unread-count:0
[ 6272963ms] [ERROR] Error fetching unread count: TypeError: Failed to fetch
    at eval (webpack-internal:///(app-pages-browser)/./src/components/notifications/NotificationDropdown.jsx:46:36)
    at eval (webpack-internal:///(app-pages-browser)/./src/components/notifications/NotificationDropdown.jsx:115:13) @ webpack-internal:///(app-pages-browser)/./node_modules/next/dist/client/app-index.js:32
[ 6302966ms] [ERROR] Failed to load resource: net::ERR_CONNECTION_REFUSED @ http://localhost:3000/api/notifications/unread-count:0
[ 6302966ms] [ERROR] Error fetching unread count: TypeError: Failed to fetch
    at eval (webpack-internal:///(app-pages-browser)/./src/components/notifications/NotificationDropdown.jsx:46:36)
    at eval (webpack-internal:///(app-pages-browser)/./src/components/notifications/NotificationDropdown.jsx:115:13) @ webpack-internal:///(app-pages-browser)/./node_modules/next/dist/client/app-index.js:32
[ 6332964ms] [ERROR] Failed to load resource: net::ERR_CONNECTION_REFUSED @ http://localhost:3000/api/notifications/unread-count:0
[ 6332964ms] [ERROR] Error fetching unread count: TypeError: Failed to fetch
    at eval (webpack-internal:///(app-pages-browser)/./src/components/notifications/NotificationDropdown.jsx:46:36)
    at eval (webpack-internal:///(app-pages-browser)/./src/components/notifications/NotificationDropdown.jsx:115:13) @ webpack-internal:///(app-pages-browser)/./node_modules/next/dist/client/app-index.js:32
[ 6362949ms] [ERROR] Failed to load resource: net::ERR_CONNECTION_REFUSED @ http://localhost:3000/api/notifications/unread-count:0
[ 6362949ms] [ERROR] Error fetching unread count: TypeError: Failed to fetch
    at eval (webpack-internal:///(app-pages-browser)/./src/components/notifications/NotificationDropdown.jsx:46:36)
    at eval (webpack-internal:///(app-pages-browser)/./src/components/notifications/NotificationDropdown.jsx:115:13) @ webpack-internal:///(app-pages-browser)/./node_modules/next/dist/client/app-index.js:32
[ 6392964ms] [ERROR] Failed to load resource: net::ERR_CONNECTION_REFUSED @ http://localhost:3000/api/notifications/unread-count:0
[ 6392964ms] [ERROR] Error fetching unread count: TypeError: Failed to fetch
    at eval (webpack-internal:///(app-pages-browser)/./src/components/notifications/NotificationDropdown.jsx:46:36)
    at eval (webpack-internal:///(app-pages-browser)/./src/components/notifications/NotificationDropdown.jsx:115:13) @ webpack-internal:///(app-pages-browser)/./node_modules/next/dist/client/app-index.js:32
[ 6422966ms] [ERROR] Failed to load resource: net::ERR_CONNECTION_REFUSED @ http://localhost:3000/api/notifications/unread-count:0
[ 6422966ms] [ERROR] Error fetching unread count: TypeError: Failed to fetch
    at eval (webpack-internal:///(app-pages-browser)/./src/components/notifications/NotificationDropdown.jsx:46:36)
    at eval (webpack-internal:///(app-pages-browser)/./src/components/notifications/NotificationDropdown.jsx:115:13) @ webpack-internal:///(app-pages-browser)/./node_modules/next/dist/client/app-index.js:32
[ 6452938ms] [ERROR] Failed to load resource: net::ERR_CONNECTION_REFUSED @ http://localhost:3000/api/notifications/unread-count:0
[ 6452938ms] [ERROR] Error fetching unread count: TypeError: Failed to fetch
    at eval (webpack-internal:///(app-pages-browser)/./src/components/notifications/NotificationDropdown.jsx:46:36)
    at eval (webpack-internal:///(app-pages-browser)/./src/components/notifications/NotificationDropdown.jsx:115:13) @ webpack-internal:///(app-pages-browser)/./node_modules/next/dist/client/app-index.js:32
[ 6482964ms] [ERROR] Failed to load resource: net::ERR_CONNECTION_REFUSED @ http://localhost:3000/api/notifications/unread-count:0
[ 6482964ms] [ERROR] Error fetching unread count: TypeError: Failed to fetch
    at eval (webpack-internal:///(app-pages-browser)/./src/components/notifications/NotificationDropdown.jsx:46:36)
    at eval (webpack-internal:///(app-pages-browser)/./src/components/notifications/NotificationDropdown.jsx:115:13) @ webpack-internal:///(app-pages-browser)/./node_modules/next/dist/client/app-index.js:32
[ 6512949ms] [ERROR] Failed to load resource: net::ERR_CONNECTION_REFUSED @ http://localhost:3000/api/notifications/unread-count:0
[ 6512949ms] [ERROR] Error fetching unread count: TypeError: Failed to fetch
    at eval (webpack-internal:///(app-pages-browser)/./src/components/notifications/NotificationDropdown.jsx:46:36)
    at eval (webpack-internal:///(app-pages-browser)/./src/components/notifications/NotificationDropdown.jsx:115:13) @ webpack-internal:///(app-pages-browser)/./node_modules/next/dist/client/app-index.js:32
[ 6542963ms] [ERROR] Failed to load resource: net::ERR_CONNECTION_REFUSED @ http://localhost:3000/api/notifications/unread-count:0
[ 6542963ms] [ERROR] Error fetching unread count: TypeError: Failed to fetch
    at eval (webpack-internal:///(app-pages-browser)/./src/components/notifications/NotificationDropdown.jsx:46:36)
    at eval (webpack-internal:///(app-pages-browser)/./src/components/notifications/NotificationDropdown.jsx:115:13) @ webpack-internal:///(app-pages-browser)/./node_modules/next/dist/client/app-index.js:32
[ 6572964ms] [ERROR] Failed to load resource: net::ERR_CONNECTION_REFUSED @ http://localhost:3000/api/notifications/unread-count:0
[ 6572964ms] [ERROR] Error fetching unread count: TypeError: Failed to fetch
    at eval (webpack-internal:///(app-pages-browser)/./src/components/notifications/NotificationDropdown.jsx:46:36)
    at eval (webpack-internal:///(app-pages-browser)/./src/components/notifications/NotificationDropdown.jsx:115:13) @ webpack-internal:///(app-pages-browser)/./node_modules/next/dist/client/app-index.js:32
[ 6602966ms] [ERROR] Failed to load resource: net::ERR_CONNECTION_REFUSED @ http://localhost:3000/api/notifications/unread-count:0
[ 6602966ms] [ERROR] Error fetching unread count: TypeError: Failed to fetch
    at eval (webpack-internal:///(app-pages-browser)/./src/components/notifications/NotificationDropdown.jsx:46:36)
    at eval (webpack-internal:///(app-pages-browser)/./src/components/notifications/NotificationDropdown.jsx:115:13) @ webpack-internal:///(app-pages-browser)/./node_modules/next/dist/client/app-index.js:32
[ 6632969ms] [ERROR] Failed to load resource: net::ERR_CONNECTION_REFUSED @ http://localhost:3000/api/notifications/unread-count:0
[ 6632969ms] [ERROR] Error fetching unread count: TypeError: Failed to fetch
    at eval (webpack-internal:///(app-pages-browser)/./src/components/notifications/NotificationDropdown.jsx:46:36)
    at eval (webpack-internal:///(app-pages-browser)/./src/components/notifications/NotificationDropdown.jsx:115:13) @ webpack-internal:///(app-pages-browser)/./node_modules/next/dist/client/app-index.js:32
[ 6662966ms] [ERROR] Failed to load resource: net::ERR_CONNECTION_REFUSED @ http://localhost:3000/api/notifications/unread-count:0
[ 6662967ms] [ERROR] Error fetching unread count: TypeError: Failed to fetch
    at eval (webpack-internal:///(app-pages-browser)/./src/components/notifications/NotificationDropdown.jsx:46:36)
    at eval (webpack-internal:///(app-pages-browser)/./src/components/notifications/NotificationDropdown.jsx:115:13) @ webpack-internal:///(app-pages-browser)/./node_modules/next/dist/client/app-index.js:32
[ 6692935ms] [ERROR] Failed to load resource: net::ERR_CONNECTION_REFUSED @ http://localhost:3000/api/notifications/unread-count:0
[ 6692935ms] [ERROR] Error fetching unread count: TypeError: Failed to fetch
    at eval (webpack-internal:///(app-pages-browser)/./src/components/notifications/NotificationDropdown.jsx:46:36)
    at eval (webpack-internal:///(app-pages-browser)/./src/components/notifications/NotificationDropdown.jsx:115:13) @ webpack-internal:///(app-pages-browser)/./node_modules/next/dist/client/app-index.js:32
[ 6722949ms] [ERROR] Failed to load resource: net::ERR_CONNECTION_REFUSED @ http://localhost:3000/api/notifications/unread-count:0
[ 6722949ms] [ERROR] Error fetching unread count: TypeError: Failed to fetch
    at eval (webpack-internal:///(app-pages-browser)/./src/components/notifications/NotificationDropdown.jsx:46:36)
    at eval (webpack-internal:///(app-pages-browser)/./src/components/notifications/NotificationDropdown.jsx:115:13) @ webpack-internal:///(app-pages-browser)/./node_modules/next/dist/client/app-index.js:32
[ 6752950ms] [ERROR] Failed to load resource: net::ERR_CONNECTION_REFUSED @ http://localhost:3000/api/notifications/unread-count:0
[ 6752950ms] [ERROR] Error fetching unread count: TypeError: Failed to fetch
    at eval (webpack-internal:///(app-pages-browser)/./src/components/notifications/NotificationDropdown.jsx:46:36)
    at eval (webpack-internal:///(app-pages-browser)/./src/components/notifications/NotificationDropdown.jsx:115:13) @ webpack-internal:///(app-pages-browser)/./node_modules/next/dist/client/app-index.js:32
[ 6782951ms] [ERROR] Failed to load resource: net::ERR_CONNECTION_REFUSED @ http://localhost:3000/api/notifications/unread-count:0
[ 6782951ms] [ERROR] Error fetching unread count: TypeError: Failed to fetch
    at eval (webpack-internal:///(app-pages-browser)/./src/components/notifications/NotificationDropdown.jsx:46:36)
    at eval (webpack-internal:///(app-pages-browser)/./src/components/notifications/NotificationDropdown.jsx:115:13) @ webpack-internal:///(app-pages-browser)/./node_modules/next/dist/client/app-index.js:32
[ 6812967ms] [ERROR] Failed to load resource: net::ERR_CONNECTION_REFUSED @ http://localhost:3000/api/notifications/unread-count:0
[ 6812967ms] [ERROR] Error fetching unread count: TypeError: Failed to fetch
    at eval (webpack-internal:///(app-pages-browser)/./src/components/notifications/NotificationDropdown.jsx:46:36)
    at eval (webpack-internal:///(app-pages-browser)/./src/components/notifications/NotificationDropdown.jsx:115:13) @ webpack-internal:///(app-pages-browser)/./node_modules/next/dist/client/app-index.js:32
[ 6842950ms] [ERROR] Failed to load resource: net::ERR_CONNECTION_REFUSED @ http://localhost:3000/api/notifications/unread-count:0
[ 6842950ms] [ERROR] Error fetching unread count: TypeError: Failed to fetch
    at eval (webpack-internal:///(app-pages-browser)/./src/components/notifications/NotificationDropdown.jsx:46:36)
    at eval (webpack-internal:///(app-pages-browser)/./src/components/notifications/NotificationDropdown.jsx:115:13) @ webpack-internal:///(app-pages-browser)/./node_modules/next/dist/client/app-index.js:32
[ 6872950ms] [ERROR] Failed to load resource: net::ERR_CONNECTION_REFUSED @ http://localhost:3000/api/notifications/unread-count:0
[ 6872950ms] [ERROR] Error fetching unread count: TypeError: Failed to fetch
    at eval (webpack-internal:///(app-pages-browser)/./src/components/notifications/NotificationDropdown.jsx:46:36)
    at eval (webpack-internal:///(app-pages-browser)/./src/components/notifications/NotificationDropdown.jsx:115:13) @ webpack-internal:///(app-pages-browser)/./node_modules/next/dist/client/app-index.js:32
[ 6902944ms] [ERROR] Failed to load resource: net::ERR_CONNECTION_REFUSED @ http://localhost:3000/api/notifications/unread-count:0
[ 6902945ms] [ERROR] Error fetching unread count: TypeError: Failed to fetch
    at eval (webpack-internal:///(app-pages-browser)/./src/components/notifications/NotificationDropdown.jsx:46:36)
    at eval (webpack-internal:///(app-pages-browser)/./src/components/notifications/NotificationDropdown.jsx:115:13) @ webpack-internal:///(app-pages-browser)/./node_modules/next/dist/client/app-index.js:32
[ 6932935ms] [ERROR] Failed to load resource: net::ERR_CONNECTION_REFUSED @ http://localhost:3000/api/notifications/unread-count:0
[ 6932935ms] [ERROR] Error fetching unread count: TypeError: Failed to fetch
    at eval (webpack-internal:///(app-pages-browser)/./src/components/notifications/NotificationDropdown.jsx:46:36)
    at eval (webpack-internal:///(app-pages-browser)/./src/components/notifications/NotificationDropdown.jsx:115:13) @ webpack-internal:///(app-pages-browser)/./node_modules/next/dist/client/app-index.js:32
[ 6962967ms] [ERROR] Failed to load resource: net::ERR_CONNECTION_REFUSED @ http://localhost:3000/api/notifications/unread-count:0
[ 6962967ms] [ERROR] Error fetching unread count: TypeError: Failed to fetch
    at eval (webpack-internal:///(app-pages-browser)/./src/components/notifications/NotificationDropdown.jsx:46:36)
    at eval (webpack-internal:///(app-pages-browser)/./src/components/notifications/NotificationDropdown.jsx:115:13) @ webpack-internal:///(app-pages-browser)/./node_modules/next/dist/client/app-index.js:32
[ 6992948ms] [ERROR] Failed to load resource: net::ERR_CONNECTION_REFUSED @ http://localhost:3000/api/notifications/unread-count:0
[ 6992948ms] [ERROR] Error fetching unread count: TypeError: Failed to fetch
    at eval (webpack-internal:///(app-pages-browser)/./src/components/notifications/NotificationDropdown.jsx:46:36)
    at eval (webpack-internal:///(app-pages-browser)/./src/components/notifications/NotificationDropdown.jsx:115:13) @ webpack-internal:///(app-pages-browser)/./node_modules/next/dist/client/app-index.js:32
[ 7022949ms] [ERROR] Failed to load resource: net::ERR_CONNECTION_REFUSED @ http://localhost:3000/api/notifications/unread-count:0
[ 7022949ms] [ERROR] Error fetching unread count: TypeError: Failed to fetch
    at eval (webpack-internal:///(app-pages-browser)/./src/components/notifications/NotificationDropdown.jsx:46:36)
    at eval (webpack-internal:///(app-pages-browser)/./src/components/notifications/NotificationDropdown.jsx:115:13) @ webpack-internal:///(app-pages-browser)/./node_modules/next/dist/client/app-index.js:32
[ 7052939ms] [ERROR] Failed to load resource: net::ERR_CONNECTION_REFUSED @ http://localhost:3000/api/notifications/unread-count:0
[ 7052939ms] [ERROR] Error fetching unread count: TypeError: Failed to fetch
    at eval (webpack-internal:///(app-pages-browser)/./src/components/notifications/NotificationDropdown.jsx:46:36)
    at eval (webpack-internal:///(app-pages-browser)/./src/components/notifications/NotificationDropdown.jsx:115:13) @ webpack-internal:///(app-pages-browser)/./node_modules/next/dist/client/app-index.js:32
[ 7082927ms] [ERROR] Failed to load resource: net::ERR_CONNECTION_REFUSED @ http://localhost:3000/api/notifications/unread-count:0
[ 7082928ms] [ERROR] Error fetching unread count: TypeError: Failed to fetch
    at eval (webpack-internal:///(app-pages-browser)/./src/components/notifications/NotificationDropdown.jsx:46:36)
    at eval (webpack-internal:///(app-pages-browser)/./src/components/notifications/NotificationDropdown.jsx:115:13) @ webpack-internal:///(app-pages-browser)/./node_modules/next/dist/client/app-index.js:32
[ 7112926ms] [ERROR] Failed to load resource: net::ERR_CONNECTION_REFUSED @ http://localhost:3000/api/notifications/unread-count:0
[ 7112926ms] [ERROR] Error fetching unread count: TypeError: Failed to fetch
    at eval (webpack-internal:///(app-pages-browser)/./src/components/notifications/NotificationDropdown.jsx:46:36)
    at eval (webpack-internal:///(app-pages-browser)/./src/components/notifications/NotificationDropdown.jsx:115:13) @ webpack-internal:///(app-pages-browser)/./node_modules/next/dist/client/app-index.js:32
[ 7142952ms] [ERROR] Failed to load resource: net::ERR_CONNECTION_REFUSED @ http://localhost:3000/api/notifications/unread-count:0
[ 7142952ms] [ERROR] Error fetching unread count: TypeError: Failed to fetch
    at eval (webpack-internal:///(app-pages-browser)/./src/components/notifications/NotificationDropdown.jsx:46:36)
    at eval (webpack-internal:///(app-pages-browser)/./src/components/notifications/NotificationDropdown.jsx:115:13) @ webpack-internal:///(app-pages-browser)/./node_modules/next/dist/client/app-index.js:32
[ 7172923ms] [ERROR] Failed to load resource: net::ERR_CONNECTION_REFUSED @ http://localhost:3000/api/notifications/unread-count:0
[ 7172923ms] [ERROR] Error fetching unread count: TypeError: Failed to fetch
    at eval (webpack-internal:///(app-pages-browser)/./src/components/notifications/NotificationDropdown.jsx:46:36)
    at eval (webpack-internal:///(app-pages-browser)/./src/components/notifications/NotificationDropdown.jsx:115:13) @ webpack-internal:///(app-pages-browser)/./node_modules/next/dist/client/app-index.js:32
[ 7202923ms] [ERROR] Failed to load resource: net::ERR_CONNECTION_REFUSED @ http://localhost:3000/api/notifications/unread-count:0
[ 7202923ms] [ERROR] Error fetching unread count: TypeError: Failed to fetch
    at eval (webpack-internal:///(app-pages-browser)/./src/components/notifications/NotificationDropdown.jsx:46:36)
    at eval (webpack-internal:///(app-pages-browser)/./src/components/notifications/NotificationDropdown.jsx:115:13) @ webpack-internal:///(app-pages-browser)/./node_modules/next/dist/client/app-index.js:32
[ 7232953ms] [ERROR] Failed to load resource: net::ERR_CONNECTION_REFUSED @ http://localhost:3000/api/notifications/unread-count:0
[ 7232953ms] [ERROR] Error fetching unread count: TypeError: Failed to fetch
    at eval (webpack-internal:///(app-pages-browser)/./src/components/notifications/NotificationDropdown.jsx:46:36)
    at eval (webpack-internal:///(app-pages-browser)/./src/components/notifications/NotificationDropdown.jsx:115:13) @ webpack-internal:///(app-pages-browser)/./node_modules/next/dist/client/app-index.js:32
[ 7262938ms] [ERROR] Failed to load resource: net::ERR_CONNECTION_REFUSED @ http://localhost:3000/api/notifications/unread-count:0
[ 7262938ms] [ERROR] Error fetching unread count: TypeError: Failed to fetch
    at eval (webpack-internal:///(app-pages-browser)/./src/components/notifications/NotificationDropdown.jsx:46:36)
    at eval (webpack-internal:///(app-pages-browser)/./src/components/notifications/NotificationDropdown.jsx:115:13) @ webpack-internal:///(app-pages-browser)/./node_modules/next/dist/client/app-index.js:32
[ 7292948ms] [ERROR] Failed to load resource: net::ERR_CONNECTION_REFUSED @ http://localhost:3000/api/notifications/unread-count:0
[ 7292948ms] [ERROR] Error fetching unread count: TypeError: Failed to fetch
    at eval (webpack-internal:///(app-pages-browser)/./src/components/notifications/NotificationDropdown.jsx:46:36)
    at eval (webpack-internal:///(app-pages-browser)/./src/components/notifications/NotificationDropdown.jsx:115:13) @ webpack-internal:///(app-pages-browser)/./node_modules/next/dist/client/app-index.js:32
[ 7322930ms] [ERROR] Failed to load resource: net::ERR_CONNECTION_REFUSED @ http://localhost:3000/api/notifications/unread-count:0
[ 7322930ms] [ERROR] Error fetching unread count: TypeError: Failed to fetch
    at eval (webpack-internal:///(app-pages-browser)/./src/components/notifications/NotificationDropdown.jsx:46:36)
    at eval (webpack-internal:///(app-pages-browser)/./src/components/notifications/NotificationDropdown.jsx:115:13) @ webpack-internal:///(app-pages-browser)/./node_modules/next/dist/client/app-index.js:32
[ 7352951ms] [ERROR] Failed to load resource: net::ERR_CONNECTION_REFUSED @ http://localhost:3000/api/notifications/unread-count:0
[ 7352951ms] [ERROR] Error fetching unread count: TypeError: Failed to fetch
    at eval (webpack-internal:///(app-pages-browser)/./src/components/notifications/NotificationDropdown.jsx:46:36)
    at eval (webpack-internal:///(app-pages-browser)/./src/components/notifications/NotificationDropdown.jsx:115:13) @ webpack-internal:///(app-pages-browser)/./node_modules/next/dist/client/app-index.js:32
[ 7382967ms] [ERROR] Failed to load resource: net::ERR_CONNECTION_REFUSED @ http://localhost:3000/api/notifications/unread-count:0
[ 7382967ms] [ERROR] Error fetching unread count: TypeError: Failed to fetch
    at eval (webpack-internal:///(app-pages-browser)/./src/components/notifications/NotificationDropdown.jsx:46:36)
    at eval (webpack-internal:///(app-pages-browser)/./src/components/notifications/NotificationDropdown.jsx:115:13) @ webpack-internal:///(app-pages-browser)/./node_modules/next/dist/client/app-index.js:32
[ 7412950ms] [ERROR] Failed to load resource: net::ERR_CONNECTION_REFUSED @ http://localhost:3000/api/notifications/unread-count:0
[ 7412950ms] [ERROR] Error fetching unread count: TypeError: Failed to fetch
    at eval (webpack-internal:///(app-pages-browser)/./src/components/notifications/NotificationDropdown.jsx:46:36)
    at eval (webpack-internal:///(app-pages-browser)/./src/components/notifications/NotificationDropdown.jsx:115:13) @ webpack-internal:///(app-pages-browser)/./node_modules/next/dist/client/app-index.js:32
[ 7442937ms] [ERROR] Failed to load resource: net::ERR_CONNECTION_REFUSED @ http://localhost:3000/api/notifications/unread-count:0
[ 7442937ms] [ERROR] Error fetching unread count: TypeError: Failed to fetch
    at eval (webpack-internal:///(app-pages-browser)/./src/components/notifications/NotificationDropdown.jsx:46:36)
    at eval (webpack-internal:///(app-pages-browser)/./src/components/notifications/NotificationDropdown.jsx:115:13) @ webpack-internal:///(app-pages-browser)/./node_modules/next/dist/client/app-index.js:32
[ 7472936ms] [ERROR] Failed to load resource: net::ERR_CONNECTION_REFUSED @ http://localhost:3000/api/notifications/unread-count:0
[ 7472936ms] [ERROR] Error fetching unread count: TypeError: Failed to fetch
    at eval (webpack-internal:///(app-pages-browser)/./src/components/notifications/NotificationDropdown.jsx:46:36)
    at eval (webpack-internal:///(app-pages-browser)/./src/components/notifications/NotificationDropdown.jsx:115:13) @ webpack-internal:///(app-pages-browser)/./node_modules/next/dist/client/app-index.js:32
[ 7502948ms] [ERROR] Failed to load resource: net::ERR_CONNECTION_REFUSED @ http://localhost:3000/api/notifications/unread-count:0
[ 7502948ms] [ERROR] Error fetching unread count: TypeError: Failed to fetch
    at eval (webpack-internal:///(app-pages-browser)/./src/components/notifications/NotificationDropdown.jsx:46:36)
    at eval (webpack-internal:///(app-pages-browser)/./src/components/notifications/NotificationDropdown.jsx:115:13) @ webpack-internal:///(app-pages-browser)/./node_modules/next/dist/client/app-index.js:32
[ 7532946ms] [ERROR] Failed to load resource: net::ERR_CONNECTION_REFUSED @ http://localhost:3000/api/notifications/unread-count:0
[ 7532946ms] [ERROR] Error fetching unread count: TypeError: Failed to fetch
    at eval (webpack-internal:///(app-pages-browser)/./src/components/notifications/NotificationDropdown.jsx:46:36)
    at eval (webpack-internal:///(app-pages-browser)/./src/components/notifications/NotificationDropdown.jsx:115:13) @ webpack-internal:///(app-pages-browser)/./node_modules/next/dist/client/app-index.js:32
[ 7562945ms] [ERROR] Failed to load resource: net::ERR_CONNECTION_REFUSED @ http://localhost:3000/api/notifications/unread-count:0
[ 7562945ms] [ERROR] Error fetching unread count: TypeError: Failed to fetch
    at eval (webpack-internal:///(app-pages-browser)/./src/components/notifications/NotificationDropdown.jsx:46:36)
    at eval (webpack-internal:///(app-pages-browser)/./src/components/notifications/NotificationDropdown.jsx:115:13) @ webpack-internal:///(app-pages-browser)/./node_modules/next/dist/client/app-index.js:32
[ 7592956ms] [ERROR] Failed to load resource: net::ERR_CONNECTION_REFUSED @ http://localhost:3000/api/notifications/unread-count:0
[ 7592956ms] [ERROR] Error fetching unread count: TypeError: Failed to fetch
    at eval (webpack-internal:///(app-pages-browser)/./src/components/notifications/NotificationDropdown.jsx:46:36)
    at eval (webpack-internal:///(app-pages-browser)/./src/components/notifications/NotificationDropdown.jsx:115:13) @ webpack-internal:///(app-pages-browser)/./node_modules/next/dist/client/app-index.js:32
[ 7622941ms] [ERROR] Failed to load resource: net::ERR_CONNECTION_REFUSED @ http://localhost:3000/api/notifications/unread-count:0
[ 7622941ms] [ERROR] Error fetching unread count: TypeError: Failed to fetch
    at eval (webpack-internal:///(app-pages-browser)/./src/components/notifications/NotificationDropdown.jsx:46:36)
    at eval (webpack-internal:///(app-pages-browser)/./src/components/notifications/NotificationDropdown.jsx:115:13) @ webpack-internal:///(app-pages-browser)/./node_modules/next/dist/client/app-index.js:32
[ 7652940ms] [ERROR] Failed to load resource: net::ERR_CONNECTION_REFUSED @ http://localhost:3000/api/notifications/unread-count:0
[ 7652940ms] [ERROR] Error fetching unread count: TypeError: Failed to fetch
    at eval (webpack-internal:///(app-pages-browser)/./src/components/notifications/NotificationDropdown.jsx:46:36)
    at eval (webpack-internal:///(app-pages-browser)/./src/components/notifications/NotificationDropdown.jsx:115:13) @ webpack-internal:///(app-pages-browser)/./node_modules/next/dist/client/app-index.js:32
[ 7682943ms] [ERROR] Failed to load resource: net::ERR_CONNECTION_REFUSED @ http://localhost:3000/api/notifications/unread-count:0
[ 7682943ms] [ERROR] Error fetching unread count: TypeError: Failed to fetch
    at eval (webpack-internal:///(app-pages-browser)/./src/components/notifications/NotificationDropdown.jsx:46:36)
    at eval (webpack-internal:///(app-pages-browser)/./src/components/notifications/NotificationDropdown.jsx:115:13) @ webpack-internal:///(app-pages-browser)/./node_modules/next/dist/client/app-index.js:32
[ 7712925ms] [ERROR] Failed to load resource: net::ERR_CONNECTION_REFUSED @ http://localhost:3000/api/notifications/unread-count:0
[ 7712925ms] [ERROR] Error fetching unread count: TypeError: Failed to fetch
    at eval (webpack-internal:///(app-pages-browser)/./src/components/notifications/NotificationDropdown.jsx:46:36)
    at eval (webpack-internal:///(app-pages-browser)/./src/components/notifications/NotificationDropdown.jsx:115:13) @ webpack-internal:///(app-pages-browser)/./node_modules/next/dist/client/app-index.js:32
[ 7742944ms] [ERROR] Failed to load resource: net::ERR_CONNECTION_REFUSED @ http://localhost:3000/api/notifications/unread-count:0
[ 7742944ms] [ERROR] Error fetching unread count: TypeError: Failed to fetch
    at eval (webpack-internal:///(app-pages-browser)/./src/components/notifications/NotificationDropdown.jsx:46:36)
    at eval (webpack-internal:///(app-pages-browser)/./src/components/notifications/NotificationDropdown.jsx:115:13) @ webpack-internal:///(app-pages-browser)/./node_modules/next/dist/client/app-index.js:32
[ 7772935ms] [ERROR] Failed to load resource: net::ERR_CONNECTION_REFUSED @ http://localhost:3000/api/notifications/unread-count:0
[ 7772935ms] [ERROR] Error fetching unread count: TypeError: Failed to fetch
    at eval (webpack-internal:///(app-pages-browser)/./src/components/notifications/NotificationDropdown.jsx:46:36)
    at eval (webpack-internal:///(app-pages-browser)/./src/components/notifications/NotificationDropdown.jsx:115:13) @ webpack-internal:///(app-pages-browser)/./node_modules/next/dist/client/app-index.js:32
[ 7802932ms] [ERROR] Failed to load resource: net::ERR_CONNECTION_REFUSED @ http://localhost:3000/api/notifications/unread-count:0
[ 7802933ms] [ERROR] Error fetching unread count: TypeError: Failed to fetch
    at eval (webpack-internal:///(app-pages-browser)/./src/components/notifications/NotificationDropdown.jsx:46:36)
    at eval (webpack-internal:///(app-pages-browser)/./src/components/notifications/NotificationDropdown.jsx:115:13) @ webpack-internal:///(app-pages-browser)/./node_modules/next/dist/client/app-index.js:32
[ 7832922ms] [ERROR] Failed to load resource: net::ERR_CONNECTION_REFUSED @ http://localhost:3000/api/notifications/unread-count:0
[ 7832922ms] [ERROR] Error fetching unread count: TypeError: Failed to fetch
    at eval (webpack-internal:///(app-pages-browser)/./src/components/notifications/NotificationDropdown.jsx:46:36)
    at eval (webpack-internal:///(app-pages-browser)/./src/components/notifications/NotificationDropdown.jsx:115:13) @ webpack-internal:///(app-pages-browser)/./node_modules/next/dist/client/app-index.js:32
[ 7862937ms] [ERROR] Failed to load resource: net::ERR_CONNECTION_REFUSED @ http://localhost:3000/api/notifications/unread-count:0
[ 7862938ms] [ERROR] Error fetching unread count: TypeError: Failed to fetch
    at eval (webpack-internal:///(app-pages-browser)/./src/components/notifications/NotificationDropdown.jsx:46:36)
    at eval (webpack-internal:///(app-pages-browser)/./src/components/notifications/NotificationDropdown.jsx:115:13) @ webpack-internal:///(app-pages-browser)/./node_modules/next/dist/client/app-index.js:32
[ 7892944ms] [ERROR] Failed to load resource: net::ERR_CONNECTION_REFUSED @ http://localhost:3000/api/notifications/unread-count:0
[ 7892944ms] [ERROR] Error fetching unread count: TypeError: Failed to fetch
    at eval (webpack-internal:///(app-pages-browser)/./src/components/notifications/NotificationDropdown.jsx:46:36)
    at eval (webpack-internal:///(app-pages-browser)/./src/components/notifications/NotificationDropdown.jsx:115:13) @ webpack-internal:///(app-pages-browser)/./node_modules/next/dist/client/app-index.js:32
[ 7922948ms] [ERROR] Failed to load resource: net::ERR_CONNECTION_REFUSED @ http://localhost:3000/api/notifications/unread-count:0
[ 7922948ms] [ERROR] Error fetching unread count: TypeError: Failed to fetch
    at eval (webpack-internal:///(app-pages-browser)/./src/components/notifications/NotificationDropdown.jsx:46:36)
    at eval (webpack-internal:///(app-pages-browser)/./src/components/notifications/NotificationDropdown.jsx:115:13) @ webpack-internal:///(app-pages-browser)/./node_modules/next/dist/client/app-index.js:32
[ 7952950ms] [ERROR] Failed to load resource: net::ERR_CONNECTION_REFUSED @ http://localhost:3000/api/notifications/unread-count:0
[ 7952950ms] [ERROR] Error fetching unread count: TypeError: Failed to fetch
    at eval (webpack-internal:///(app-pages-browser)/./src/components/notifications/NotificationDropdown.jsx:46:36)
    at eval (webpack-internal:///(app-pages-browser)/./src/components/notifications/NotificationDropdown.jsx:115:13) @ webpack-internal:///(app-pages-browser)/./node_modules/next/dist/client/app-index.js:32
[ 7982942ms] [ERROR] Failed to load resource: net::ERR_CONNECTION_REFUSED @ http://localhost:3000/api/notifications/unread-count:0
[ 7982942ms] [ERROR] Error fetching unread count: TypeError: Failed to fetch
    at eval (webpack-internal:///(app-pages-browser)/./src/components/notifications/NotificationDropdown.jsx:46:36)
    at eval (webpack-internal:///(app-pages-browser)/./src/components/notifications/NotificationDropdown.jsx:115:13) @ webpack-internal:///(app-pages-browser)/./node_modules/next/dist/client/app-index.js:32
[ 8012947ms] [ERROR] Failed to load resource: net::ERR_CONNECTION_REFUSED @ http://localhost:3000/api/notifications/unread-count:0
[ 8012947ms] [ERROR] Error fetching unread count: TypeError: Failed to fetch
    at eval (webpack-internal:///(app-pages-browser)/./src/components/notifications/NotificationDropdown.jsx:46:36)
    at eval (webpack-internal:///(app-pages-browser)/./src/components/notifications/NotificationDropdown.jsx:115:13) @ webpack-internal:///(app-pages-browser)/./node_modules/next/dist/client/app-index.js:32
[ 8042932ms] [ERROR] Failed to load resource: net::ERR_CONNECTION_REFUSED @ http://localhost:3000/api/notifications/unread-count:0
[ 8042932ms] [ERROR] Error fetching unread count: TypeError: Failed to fetch
    at eval (webpack-internal:///(app-pages-browser)/./src/components/notifications/NotificationDropdown.jsx:46:36)
    at eval (webpack-internal:///(app-pages-browser)/./src/components/notifications/NotificationDropdown.jsx:115:13) @ webpack-internal:///(app-pages-browser)/./node_modules/next/dist/client/app-index.js:32
[ 8072959ms] [ERROR] Failed to load resource: net::ERR_CONNECTION_REFUSED @ http://localhost:3000/api/notifications/unread-count:0
[ 8072959ms] [ERROR] Error fetching unread count: TypeError: Failed to fetch
    at eval (webpack-internal:///(app-pages-browser)/./src/components/notifications/NotificationDropdown.jsx:46:36)
    at eval (webpack-internal:///(app-pages-browser)/./src/components/notifications/NotificationDropdown.jsx:115:13) @ webpack-internal:///(app-pages-browser)/./node_modules/next/dist/client/app-index.js:32
[ 8102945ms] [ERROR] Failed to load resource: net::ERR_CONNECTION_REFUSED @ http://localhost:3000/api/notifications/unread-count:0
[ 8102945ms] [ERROR] Error fetching unread count: TypeError: Failed to fetch
    at eval (webpack-internal:///(app-pages-browser)/./src/components/notifications/NotificationDropdown.jsx:46:36)
    at eval (webpack-internal:///(app-pages-browser)/./src/components/notifications/NotificationDropdown.jsx:115:13) @ webpack-internal:///(app-pages-browser)/./node_modules/next/dist/client/app-index.js:32
[ 8132961ms] [ERROR] Failed to load resource: net::ERR_CONNECTION_REFUSED @ http://localhost:3000/api/notifications/unread-count:0
[ 8132961ms] [ERROR] Error fetching unread count: TypeError: Failed to fetch
    at eval (webpack-internal:///(app-pages-browser)/./src/components/notifications/NotificationDropdown.jsx:46:36)
    at eval (webpack-internal:///(app-pages-browser)/./src/components/notifications/NotificationDropdown.jsx:115:13) @ webpack-internal:///(app-pages-browser)/./node_modules/next/dist/client/app-index.js:32
[ 8162964ms] [ERROR] Failed to load resource: net::ERR_CONNECTION_REFUSED @ http://localhost:3000/api/notifications/unread-count:0
[ 8162964ms] [ERROR] Error fetching unread count: TypeError: Failed to fetch
    at eval (webpack-internal:///(app-pages-browser)/./src/components/notifications/NotificationDropdown.jsx:46:36)
    at eval (webpack-internal:///(app-pages-browser)/./src/components/notifications/NotificationDropdown.jsx:115:13) @ webpack-internal:///(app-pages-browser)/./node_modules/next/dist/client/app-index.js:32
[ 8192948ms] [ERROR] Failed to load resource: net::ERR_CONNECTION_REFUSED @ http://localhost:3000/api/notifications/unread-count:0
[ 8192948ms] [ERROR] Error fetching unread count: TypeError: Failed to fetch
    at eval (webpack-internal:///(app-pages-browser)/./src/components/notifications/NotificationDropdown.jsx:46:36)
    at eval (webpack-internal:///(app-pages-browser)/./src/components/notifications/NotificationDropdown.jsx:115:13) @ webpack-internal:///(app-pages-browser)/./node_modules/next/dist/client/app-index.js:32
[ 8222954ms] [ERROR] Failed to load resource: net::ERR_CONNECTION_REFUSED @ http://localhost:3000/api/notifications/unread-count:0
[ 8222954ms] [ERROR] Error fetching unread count: TypeError: Failed to fetch
    at eval (webpack-internal:///(app-pages-browser)/./src/components/notifications/NotificationDropdown.jsx:46:36)
    at eval (webpack-internal:///(app-pages-browser)/./src/components/notifications/NotificationDropdown.jsx:115:13) @ webpack-internal:///(app-pages-browser)/./node_modules/next/dist/client/app-index.js:32
[ 8252924ms] [ERROR] Failed to load resource: net::ERR_CONNECTION_REFUSED @ http://localhost:3000/api/notifications/unread-count:0
[ 8252924ms] [ERROR] Error fetching unread count: TypeError: Failed to fetch
    at eval (webpack-internal:///(app-pages-browser)/./src/components/notifications/NotificationDropdown.jsx:46:36)
    at eval (webpack-internal:///(app-pages-browser)/./src/components/notifications/NotificationDropdown.jsx:115:13) @ webpack-internal:///(app-pages-browser)/./node_modules/next/dist/client/app-index.js:32
[ 8282957ms] [ERROR] Failed to load resource: net::ERR_CONNECTION_REFUSED @ http://localhost:3000/api/notifications/unread-count:0
[ 8282957ms] [ERROR] Error fetching unread count: TypeError: Failed to fetch
    at eval (webpack-internal:///(app-pages-browser)/./src/components/notifications/NotificationDropdown.jsx:46:36)
    at eval (webpack-internal:///(app-pages-browser)/./src/components/notifications/NotificationDropdown.jsx:115:13) @ webpack-internal:///(app-pages-browser)/./node_modules/next/dist/client/app-index.js:32
[ 8312942ms] [ERROR] Failed to load resource: net::ERR_CONNECTION_REFUSED @ http://localhost:3000/api/notifications/unread-count:0
[ 8312942ms] [ERROR] Error fetching unread count: TypeError: Failed to fetch
    at eval (webpack-internal:///(app-pages-browser)/./src/components/notifications/NotificationDropdown.jsx:46:36)
    at eval (webpack-internal:///(app-pages-browser)/./src/components/notifications/NotificationDropdown.jsx:115:13) @ webpack-internal:///(app-pages-browser)/./node_modules/next/dist/client/app-index.js:32
[ 8342926ms] [ERROR] Failed to load resource: net::ERR_CONNECTION_REFUSED @ http://localhost:3000/api/notifications/unread-count:0
[ 8342926ms] [ERROR] Error fetching unread count: TypeError: Failed to fetch
    at eval (webpack-internal:///(app-pages-browser)/./src/components/notifications/NotificationDropdown.jsx:46:36)
    at eval (webpack-internal:///(app-pages-browser)/./src/components/notifications/NotificationDropdown.jsx:115:13) @ webpack-internal:///(app-pages-browser)/./node_modules/next/dist/client/app-index.js:32
[ 8372927ms] [ERROR] Failed to load resource: net::ERR_CONNECTION_REFUSED @ http://localhost:3000/api/notifications/unread-count:0
[ 8372927ms] [ERROR] Error fetching unread count: TypeError: Failed to fetch
    at eval (webpack-internal:///(app-pages-browser)/./src/components/notifications/NotificationDropdown.jsx:46:36)
    at eval (webpack-internal:///(app-pages-browser)/./src/components/notifications/NotificationDropdown.jsx:115:13) @ webpack-internal:///(app-pages-browser)/./node_modules/next/dist/client/app-index.js:32
[ 8402942ms] [ERROR] Failed to load resource: net::ERR_CONNECTION_REFUSED @ http://localhost:3000/api/notifications/unread-count:0
[ 8402942ms] [ERROR] Error fetching unread count: TypeError: Failed to fetch
    at eval (webpack-internal:///(app-pages-browser)/./src/components/notifications/NotificationDropdown.jsx:46:36)
    at eval (webpack-internal:///(app-pages-browser)/./src/components/notifications/NotificationDropdown.jsx:115:13) @ webpack-internal:///(app-pages-browser)/./node_modules/next/dist/client/app-index.js:32
[ 8432943ms] [ERROR] Failed to load resource: net::ERR_CONNECTION_REFUSED @ http://localhost:3000/api/notifications/unread-count:0
[ 8432943ms] [ERROR] Error fetching unread count: TypeError: Failed to fetch
    at eval (webpack-internal:///(app-pages-browser)/./src/components/notifications/NotificationDropdown.jsx:46:36)
    at eval (webpack-internal:///(app-pages-browser)/./src/components/notifications/NotificationDropdown.jsx:115:13) @ webpack-internal:///(app-pages-browser)/./node_modules/next/dist/client/app-index.js:32
[ 8462928ms] [ERROR] Failed to load resource: net::ERR_CONNECTION_REFUSED @ http://localhost:3000/api/notifications/unread-count:0
[ 8462928ms] [ERROR] Error fetching unread count: TypeError: Failed to fetch
    at eval (webpack-internal:///(app-pages-browser)/./src/components/notifications/NotificationDropdown.jsx:46:36)
    at eval (webpack-internal:///(app-pages-browser)/./src/components/notifications/NotificationDropdown.jsx:115:13) @ webpack-internal:///(app-pages-browser)/./node_modules/next/dist/client/app-index.js:32
[ 8492928ms] [ERROR] Failed to load resource: net::ERR_CONNECTION_REFUSED @ http://localhost:3000/api/notifications/unread-count:0
[ 8492928ms] [ERROR] Error fetching unread count: TypeError: Failed to fetch
    at eval (webpack-internal:///(app-pages-browser)/./src/components/notifications/NotificationDropdown.jsx:46:36)
    at eval (webpack-internal:///(app-pages-browser)/./src/components/notifications/NotificationDropdown.jsx:115:13) @ webpack-internal:///(app-pages-browser)/./node_modules/next/dist/client/app-index.js:32
[ 8522945ms] [ERROR] Failed to load resource: net::ERR_CONNECTION_REFUSED @ http://localhost:3000/api/notifications/unread-count:0
[ 8522945ms] [ERROR] Error fetching unread count: TypeError: Failed to fetch
    at eval (webpack-internal:///(app-pages-browser)/./src/components/notifications/NotificationDropdown.jsx:46:36)
    at eval (webpack-internal:///(app-pages-browser)/./src/components/notifications/NotificationDropdown.jsx:115:13) @ webpack-internal:///(app-pages-browser)/./node_modules/next/dist/client/app-index.js:32
[ 8552945ms] [ERROR] Failed to load resource: net::ERR_CONNECTION_REFUSED @ http://localhost:3000/api/notifications/unread-count:0
[ 8552945ms] [ERROR] Error fetching unread count: TypeError: Failed to fetch
    at eval (webpack-internal:///(app-pages-browser)/./src/components/notifications/NotificationDropdown.jsx:46:36)
    at eval (webpack-internal:///(app-pages-browser)/./src/components/notifications/NotificationDropdown.jsx:115:13) @ webpack-internal:///(app-pages-browser)/./node_modules/next/dist/client/app-index.js:32
[ 8582930ms] [ERROR] Failed to load resource: net::ERR_CONNECTION_REFUSED @ http://localhost:3000/api/notifications/unread-count:0
[ 8582930ms] [ERROR] Error fetching unread count: TypeError: Failed to fetch
    at eval (webpack-internal:///(app-pages-browser)/./src/components/notifications/NotificationDropdown.jsx:46:36)
    at eval (webpack-internal:///(app-pages-browser)/./src/components/notifications/NotificationDropdown.jsx:115:13) @ webpack-internal:///(app-pages-browser)/./node_modules/next/dist/client/app-index.js:32
[ 8612980ms] [ERROR] Failed to load resource: net::ERR_CONNECTION_REFUSED @ http://localhost:3000/api/notifications/unread-count:0
[ 8612980ms] [ERROR] Error fetching unread count: TypeError: Failed to fetch
    at eval (webpack-internal:///(app-pages-browser)/./src/components/notifications/NotificationDropdown.jsx:46:36)
    at eval (webpack-internal:///(app-pages-browser)/./src/components/notifications/NotificationDropdown.jsx:115:13) @ webpack-internal:///(app-pages-browser)/./node_modules/next/dist/client/app-index.js:32
[ 8642967ms] [ERROR] Failed to load resource: net::ERR_CONNECTION_REFUSED @ http://localhost:3000/api/notifications/unread-count:0
[ 8642967ms] [ERROR] Error fetching unread count: TypeError: Failed to fetch
    at eval (webpack-internal:///(app-pages-browser)/./src/components/notifications/NotificationDropdown.jsx:46:36)
    at eval (webpack-internal:///(app-pages-browser)/./src/components/notifications/NotificationDropdown.jsx:115:13) @ webpack-internal:///(app-pages-browser)/./node_modules/next/dist/client/app-index.js:32
[ 8672952ms] [ERROR] Failed to load resource: net::ERR_CONNECTION_REFUSED @ http://localhost:3000/api/notifications/unread-count:0
[ 8672952ms] [ERROR] Error fetching unread count: TypeError: Failed to fetch
    at eval (webpack-internal:///(app-pages-browser)/./src/components/notifications/NotificationDropdown.jsx:46:36)
    at eval (webpack-internal:///(app-pages-browser)/./src/components/notifications/NotificationDropdown.jsx:115:13) @ webpack-internal:///(app-pages-browser)/./node_modules/next/dist/client/app-index.js:32
[ 8702939ms] [ERROR] Failed to load resource: net::ERR_CONNECTION_REFUSED @ http://localhost:3000/api/notifications/unread-count:0
[ 8702939ms] [ERROR] Error fetching unread count: TypeError: Failed to fetch
    at eval (webpack-internal:///(app-pages-browser)/./src/components/notifications/NotificationDropdown.jsx:46:36)
    at eval (webpack-internal:///(app-pages-browser)/./src/components/notifications/NotificationDropdown.jsx:115:13) @ webpack-internal:///(app-pages-browser)/./node_modules/next/dist/client/app-index.js:32
[ 8732941ms] [ERROR] Failed to load resource: net::ERR_CONNECTION_REFUSED @ http://localhost:3000/api/notifications/unread-count:0
[ 8732941ms] [ERROR] Error fetching unread count: TypeError: Failed to fetch
    at eval (webpack-internal:///(app-pages-browser)/./src/components/notifications/NotificationDropdown.jsx:46:36)
    at eval (webpack-internal:///(app-pages-browser)/./src/components/notifications/NotificationDropdown.jsx:115:13) @ webpack-internal:///(app-pages-browser)/./node_modules/next/dist/client/app-index.js:32
[ 8762927ms] [ERROR] Failed to load resource: net::ERR_CONNECTION_REFUSED @ http://localhost:3000/api/notifications/unread-count:0
[ 8762927ms] [ERROR] Error fetching unread count: TypeError: Failed to fetch
    at eval (webpack-internal:///(app-pages-browser)/./src/components/notifications/NotificationDropdown.jsx:46:36)
    at eval (webpack-internal:///(app-pages-browser)/./src/components/notifications/NotificationDropdown.jsx:115:13) @ webpack-internal:///(app-pages-browser)/./node_modules/next/dist/client/app-index.js:32
[ 8792927ms] [ERROR] Failed to load resource: net::ERR_CONNECTION_REFUSED @ http://localhost:3000/api/notifications/unread-count:0
[ 8792927ms] [ERROR] Error fetching unread count: TypeError: Failed to fetch
    at eval (webpack-internal:///(app-pages-browser)/./src/components/notifications/NotificationDropdown.jsx:46:36)
    at eval (webpack-internal:///(app-pages-browser)/./src/components/notifications/NotificationDropdown.jsx:115:13) @ webpack-internal:///(app-pages-browser)/./node_modules/next/dist/client/app-index.js:32
[ 8822921ms] [ERROR] Failed to load resource: net::ERR_CONNECTION_REFUSED @ http://localhost:3000/api/notifications/unread-count:0
[ 8822921ms] [ERROR] Error fetching unread count: TypeError: Failed to fetch
    at eval (webpack-internal:///(app-pages-browser)/./src/components/notifications/NotificationDropdown.jsx:46:36)
    at eval (webpack-internal:///(app-pages-browser)/./src/components/notifications/NotificationDropdown.jsx:115:13) @ webpack-internal:///(app-pages-browser)/./node_modules/next/dist/client/app-index.js:32
[ 8852929ms] [ERROR] Failed to load resource: net::ERR_CONNECTION_REFUSED @ http://localhost:3000/api/notifications/unread-count:0
[ 8852929ms] [ERROR] Error fetching unread count: TypeError: Failed to fetch
    at eval (webpack-internal:///(app-pages-browser)/./src/components/notifications/NotificationDropdown.jsx:46:36)
    at eval (webpack-internal:///(app-pages-browser)/./src/components/notifications/NotificationDropdown.jsx:115:13) @ webpack-internal:///(app-pages-browser)/./node_modules/next/dist/client/app-index.js:32
[ 8882928ms] [ERROR] Failed to load resource: net::ERR_CONNECTION_REFUSED @ http://localhost:3000/api/notifications/unread-count:0
[ 8882928ms] [ERROR] Error fetching unread count: TypeError: Failed to fetch
    at eval (webpack-internal:///(app-pages-browser)/./src/components/notifications/NotificationDropdown.jsx:46:36)
    at eval (webpack-internal:///(app-pages-browser)/./src/components/notifications/NotificationDropdown.jsx:115:13) @ webpack-internal:///(app-pages-browser)/./node_modules/next/dist/client/app-index.js:32
[ 8912932ms] [ERROR] Failed to load resource: net::ERR_CONNECTION_REFUSED @ http://localhost:3000/api/notifications/unread-count:0
[ 8912932ms] [ERROR] Error fetching unread count: TypeError: Failed to fetch
    at eval (webpack-internal:///(app-pages-browser)/./src/components/notifications/NotificationDropdown.jsx:46:36)
    at eval (webpack-internal:///(app-pages-browser)/./src/components/notifications/NotificationDropdown.jsx:115:13) @ webpack-internal:///(app-pages-browser)/./node_modules/next/dist/client/app-index.js:32
[ 8942918ms] [ERROR] Failed to load resource: net::ERR_CONNECTION_REFUSED @ http://localhost:3000/api/notifications/unread-count:0
[ 8942918ms] [ERROR] Error fetching unread count: TypeError: Failed to fetch
    at eval (webpack-internal:///(app-pages-browser)/./src/components/notifications/NotificationDropdown.jsx:46:36)
    at eval (webpack-internal:///(app-pages-browser)/./src/components/notifications/NotificationDropdown.jsx:115:13) @ webpack-internal:///(app-pages-browser)/./node_modules/next/dist/client/app-index.js:32
[ 8972942ms] [ERROR] Failed to load resource: net::ERR_CONNECTION_REFUSED @ http://localhost:3000/api/notifications/unread-count:0
[ 8972942ms] [ERROR] Error fetching unread count: TypeError: Failed to fetch
    at eval (webpack-internal:///(app-pages-browser)/./src/components/notifications/NotificationDropdown.jsx:46:36)
    at eval (webpack-internal:///(app-pages-browser)/./src/components/notifications/NotificationDropdown.jsx:115:13) @ webpack-internal:///(app-pages-browser)/./node_modules/next/dist/client/app-index.js:32
[ 9002943ms] [ERROR] Failed to load resource: net::ERR_CONNECTION_REFUSED @ http://localhost:3000/api/notifications/unread-count:0
[ 9002943ms] [ERROR] Error fetching unread count: TypeError: Failed to fetch
    at eval (webpack-internal:///(app-pages-browser)/./src/components/notifications/NotificationDropdown.jsx:46:36)
    at eval (webpack-internal:///(app-pages-browser)/./src/components/notifications/NotificationDropdown.jsx:115:13) @ webpack-internal:///(app-pages-browser)/./node_modules/next/dist/client/app-index.js:32
[ 9032933ms] [ERROR] Failed to load resource: net::ERR_CONNECTION_REFUSED @ http://localhost:3000/api/notifications/unread-count:0
[ 9032933ms] [ERROR] Error fetching unread count: TypeError: Failed to fetch
    at eval (webpack-internal:///(app-pages-browser)/./src/components/notifications/NotificationDropdown.jsx:46:36)
    at eval (webpack-internal:///(app-pages-browser)/./src/components/notifications/NotificationDropdown.jsx:115:13) @ webpack-internal:///(app-pages-browser)/./node_modules/next/dist/client/app-index.js:32
[ 9062949ms] [ERROR] Failed to load resource: net::ERR_CONNECTION_REFUSED @ http://localhost:3000/api/notifications/unread-count:0
[ 9062949ms] [ERROR] Error fetching unread count: TypeError: Failed to fetch
    at eval (webpack-internal:///(app-pages-browser)/./src/components/notifications/NotificationDropdown.jsx:46:36)
    at eval (webpack-internal:///(app-pages-browser)/./src/components/notifications/NotificationDropdown.jsx:115:13) @ webpack-internal:///(app-pages-browser)/./node_modules/next/dist/client/app-index.js:32
[ 9092962ms] [ERROR] Failed to load resource: net::ERR_CONNECTION_REFUSED @ http://localhost:3000/api/notifications/unread-count:0
[ 9092962ms] [ERROR] Error fetching unread count: TypeError: Failed to fetch
    at eval (webpack-internal:///(app-pages-browser)/./src/components/notifications/NotificationDropdown.jsx:46:36)
    at eval (webpack-internal:///(app-pages-browser)/./src/components/notifications/NotificationDropdown.jsx:115:13) @ webpack-internal:///(app-pages-browser)/./node_modules/next/dist/client/app-index.js:32
[ 9122965ms] [ERROR] Failed to load resource: net::ERR_CONNECTION_REFUSED @ http://localhost:3000/api/notifications/unread-count:0
[ 9122965ms] [ERROR] Error fetching unread count: TypeError: Failed to fetch
    at eval (webpack-internal:///(app-pages-browser)/./src/components/notifications/NotificationDropdown.jsx:46:36)
    at eval (webpack-internal:///(app-pages-browser)/./src/components/notifications/NotificationDropdown.jsx:115:13) @ webpack-internal:///(app-pages-browser)/./node_modules/next/dist/client/app-index.js:32
[ 9152936ms] [ERROR] Failed to load resource: net::ERR_CONNECTION_REFUSED @ http://localhost:3000/api/notifications/unread-count:0
[ 9152936ms] [ERROR] Error fetching unread count: TypeError: Failed to fetch
    at eval (webpack-internal:///(app-pages-browser)/./src/components/notifications/NotificationDropdown.jsx:46:36)
    at eval (webpack-internal:///(app-pages-browser)/./src/components/notifications/NotificationDropdown.jsx:115:13) @ webpack-internal:///(app-pages-browser)/./node_modules/next/dist/client/app-index.js:32
[ 9182955ms] [ERROR] Failed to load resource: net::ERR_CONNECTION_REFUSED @ http://localhost:3000/api/notifications/unread-count:0
[ 9182955ms] [ERROR] Error fetching unread count: TypeError: Failed to fetch
    at eval (webpack-internal:///(app-pages-browser)/./src/components/notifications/NotificationDropdown.jsx:46:36)
    at eval (webpack-internal:///(app-pages-browser)/./src/components/notifications/NotificationDropdown.jsx:115:13) @ webpack-internal:///(app-pages-browser)/./node_modules/next/dist/client/app-index.js:32
[ 9212921ms] [ERROR] Failed to load resource: net::ERR_CONNECTION_REFUSED @ http://localhost:3000/api/notifications/unread-count:0
[ 9212921ms] [ERROR] Error fetching unread count: TypeError: Failed to fetch
    at eval (webpack-internal:///(app-pages-browser)/./src/components/notifications/NotificationDropdown.jsx:46:36)
    at eval (webpack-internal:///(app-pages-browser)/./src/components/notifications/NotificationDropdown.jsx:115:13) @ webpack-internal:///(app-pages-browser)/./node_modules/next/dist/client/app-index.js:32
[ 9242937ms] [ERROR] Failed to load resource: net::ERR_CONNECTION_REFUSED @ http://localhost:3000/api/notifications/unread-count:0
[ 9242937ms] [ERROR] Error fetching unread count: TypeError: Failed to fetch
    at eval (webpack-internal:///(app-pages-browser)/./src/components/notifications/NotificationDropdown.jsx:46:36)
    at eval (webpack-internal:///(app-pages-browser)/./src/components/notifications/NotificationDropdown.jsx:115:13) @ webpack-internal:///(app-pages-browser)/./node_modules/next/dist/client/app-index.js:32
[ 9272938ms] [ERROR] Failed to load resource: net::ERR_CONNECTION_REFUSED @ http://localhost:3000/api/notifications/unread-count:0
[ 9272939ms] [ERROR] Error fetching unread count: TypeError: Failed to fetch
    at eval (webpack-internal:///(app-pages-browser)/./src/components/notifications/NotificationDropdown.jsx:46:36)
    at eval (webpack-internal:///(app-pages-browser)/./src/components/notifications/NotificationDropdown.jsx:115:13) @ webpack-internal:///(app-pages-browser)/./node_modules/next/dist/client/app-index.js:32
[ 9302945ms] [ERROR] Failed to load resource: net::ERR_CONNECTION_REFUSED @ http://localhost:3000/api/notifications/unread-count:0
[ 9302945ms] [ERROR] Error fetching unread count: TypeError: Failed to fetch
    at eval (webpack-internal:///(app-pages-browser)/./src/components/notifications/NotificationDropdown.jsx:46:36)
    at eval (webpack-internal:///(app-pages-browser)/./src/components/notifications/NotificationDropdown.jsx:115:13) @ webpack-internal:///(app-pages-browser)/./node_modules/next/dist/client/app-index.js:32
[ 9332945ms] [ERROR] Failed to load resource: net::ERR_CONNECTION_REFUSED @ http://localhost:3000/api/notifications/unread-count:0
[ 9332945ms] [ERROR] Error fetching unread count: TypeError: Failed to fetch
    at eval (webpack-internal:///(app-pages-browser)/./src/components/notifications/NotificationDropdown.jsx:46:36)
    at eval (webpack-internal:///(app-pages-browser)/./src/components/notifications/NotificationDropdown.jsx:115:13) @ webpack-internal:///(app-pages-browser)/./node_modules/next/dist/client/app-index.js:32
[ 9362948ms] [ERROR] Failed to load resource: net::ERR_CONNECTION_REFUSED @ http://localhost:3000/api/notifications/unread-count:0
[ 9362948ms] [ERROR] Error fetching unread count: TypeError: Failed to fetch
    at eval (webpack-internal:///(app-pages-browser)/./src/components/notifications/NotificationDropdown.jsx:46:36)
    at eval (webpack-internal:///(app-pages-browser)/./src/components/notifications/NotificationDropdown.jsx:115:13) @ webpack-internal:///(app-pages-browser)/./node_modules/next/dist/client/app-index.js:32
[ 9392960ms] [ERROR] Failed to load resource: net::ERR_CONNECTION_REFUSED @ http://localhost:3000/api/notifications/unread-count:0
[ 9392960ms] [ERROR] Error fetching unread count: TypeError: Failed to fetch
    at eval (webpack-internal:///(app-pages-browser)/./src/components/notifications/NotificationDropdown.jsx:46:36)
    at eval (webpack-internal:///(app-pages-browser)/./src/components/notifications/NotificationDropdown.jsx:115:13) @ webpack-internal:///(app-pages-browser)/./node_modules/next/dist/client/app-index.js:32
[ 9422947ms] [ERROR] Failed to load resource: net::ERR_CONNECTION_REFUSED @ http://localhost:3000/api/notifications/unread-count:0
[ 9422948ms] [ERROR] Error fetching unread count: TypeError: Failed to fetch
    at eval (webpack-internal:///(app-pages-browser)/./src/components/notifications/NotificationDropdown.jsx:46:36)
    at eval (webpack-internal:///(app-pages-browser)/./src/components/notifications/NotificationDropdown.jsx:115:13) @ webpack-internal:///(app-pages-browser)/./node_modules/next/dist/client/app-index.js:32
[ 9452938ms] [ERROR] Failed to load resource: net::ERR_CONNECTION_REFUSED @ http://localhost:3000/api/notifications/unread-count:0
[ 9452938ms] [ERROR] Error fetching unread count: TypeError: Failed to fetch
    at eval (webpack-internal:///(app-pages-browser)/./src/components/notifications/NotificationDropdown.jsx:46:36)
    at eval (webpack-internal:///(app-pages-browser)/./src/components/notifications/NotificationDropdown.jsx:115:13) @ webpack-internal:///(app-pages-browser)/./node_modules/next/dist/client/app-index.js:32
[ 9482941ms] [ERROR] Failed to load resource: net::ERR_CONNECTION_REFUSED @ http://localhost:3000/api/notifications/unread-count:0
[ 9482941ms] [ERROR] Error fetching unread count: TypeError: Failed to fetch
    at eval (webpack-internal:///(app-pages-browser)/./src/components/notifications/NotificationDropdown.jsx:46:36)
    at eval (webpack-internal:///(app-pages-browser)/./src/components/notifications/NotificationDropdown.jsx:115:13) @ webpack-internal:///(app-pages-browser)/./node_modules/next/dist/client/app-index.js:32
[ 9512958ms] [ERROR] Failed to load resource: net::ERR_CONNECTION_REFUSED @ http://localhost:3000/api/notifications/unread-count:0
[ 9512958ms] [ERROR] Error fetching unread count: TypeError: Failed to fetch
    at eval (webpack-internal:///(app-pages-browser)/./src/components/notifications/NotificationDropdown.jsx:46:36)
    at eval (webpack-internal:///(app-pages-browser)/./src/components/notifications/NotificationDropdown.jsx:115:13) @ webpack-internal:///(app-pages-browser)/./node_modules/next/dist/client/app-index.js:32
[ 9542941ms] [ERROR] Failed to load resource: net::ERR_CONNECTION_REFUSED @ http://localhost:3000/api/notifications/unread-count:0
[ 9542941ms] [ERROR] Error fetching unread count: TypeError: Failed to fetch
    at eval (webpack-internal:///(app-pages-browser)/./src/components/notifications/NotificationDropdown.jsx:46:36)
    at eval (webpack-internal:///(app-pages-browser)/./src/components/notifications/NotificationDropdown.jsx:115:13) @ webpack-internal:///(app-pages-browser)/./node_modules/next/dist/client/app-index.js:32
[ 9572913ms] [ERROR] Failed to load resource: net::ERR_CONNECTION_REFUSED @ http://localhost:3000/api/notifications/unread-count:0
[ 9572913ms] [ERROR] Error fetching unread count: TypeError: Failed to fetch
    at eval (webpack-internal:///(app-pages-browser)/./src/components/notifications/NotificationDropdown.jsx:46:36)
    at eval (webpack-internal:///(app-pages-browser)/./src/components/notifications/NotificationDropdown.jsx:115:13) @ webpack-internal:///(app-pages-browser)/./node_modules/next/dist/client/app-index.js:32
[ 9602947ms] [ERROR] Failed to load resource: net::ERR_CONNECTION_REFUSED @ http://localhost:3000/api/notifications/unread-count:0
[ 9602947ms] [ERROR] Error fetching unread count: TypeError: Failed to fetch
    at eval (webpack-internal:///(app-pages-browser)/./src/components/notifications/NotificationDropdown.jsx:46:36)
    at eval (webpack-internal:///(app-pages-browser)/./src/components/notifications/NotificationDropdown.jsx:115:13) @ webpack-internal:///(app-pages-browser)/./node_modules/next/dist/client/app-index.js:32
[ 9632948ms] [ERROR] Failed to load resource: net::ERR_CONNECTION_REFUSED @ http://localhost:3000/api/notifications/unread-count:0
[ 9632948ms] [ERROR] Error fetching unread count: TypeError: Failed to fetch
    at eval (webpack-internal:///(app-pages-browser)/./src/components/notifications/NotificationDropdown.jsx:46:36)
    at eval (webpack-internal:///(app-pages-browser)/./src/components/notifications/NotificationDropdown.jsx:115:13) @ webpack-internal:///(app-pages-browser)/./node_modules/next/dist/client/app-index.js:32
[ 9662933ms] [ERROR] Failed to load resource: net::ERR_CONNECTION_REFUSED @ http://localhost:3000/api/notifications/unread-count:0
[ 9662933ms] [ERROR] Error fetching unread count: TypeError: Failed to fetch
    at eval (webpack-internal:///(app-pages-browser)/./src/components/notifications/NotificationDropdown.jsx:46:36)
    at eval (webpack-internal:///(app-pages-browser)/./src/components/notifications/NotificationDropdown.jsx:115:13) @ webpack-internal:///(app-pages-browser)/./node_modules/next/dist/client/app-index.js:32
[ 9692966ms] [ERROR] Failed to load resource: net::ERR_CONNECTION_REFUSED @ http://localhost:3000/api/notifications/unread-count:0
[ 9692966ms] [ERROR] Error fetching unread count: TypeError: Failed to fetch
    at eval (webpack-internal:///(app-pages-browser)/./src/components/notifications/NotificationDropdown.jsx:46:36)
    at eval (webpack-internal:///(app-pages-browser)/./src/components/notifications/NotificationDropdown.jsx:115:13) @ webpack-internal:///(app-pages-browser)/./node_modules/next/dist/client/app-index.js:32
[ 9722949ms] [ERROR] Failed to load resource: net::ERR_CONNECTION_REFUSED @ http://localhost:3000/api/notifications/unread-count:0
[ 9722949ms] [ERROR] Error fetching unread count: TypeError: Failed to fetch
    at eval (webpack-internal:///(app-pages-browser)/./src/components/notifications/NotificationDropdown.jsx:46:36)
    at eval (webpack-internal:///(app-pages-browser)/./src/components/notifications/NotificationDropdown.jsx:115:13) @ webpack-internal:///(app-pages-browser)/./node_modules/next/dist/client/app-index.js:32
[ 9752934ms] [ERROR] Failed to load resource: net::ERR_CONNECTION_REFUSED @ http://localhost:3000/api/notifications/unread-count:0
[ 9752934ms] [ERROR] Error fetching unread count: TypeError: Failed to fetch
    at eval (webpack-internal:///(app-pages-browser)/./src/components/notifications/NotificationDropdown.jsx:46:36)
    at eval (webpack-internal:///(app-pages-browser)/./src/components/notifications/NotificationDropdown.jsx:115:13) @ webpack-internal:///(app-pages-browser)/./node_modules/next/dist/client/app-index.js:32
[ 9782967ms] [ERROR] Failed to load resource: net::ERR_CONNECTION_REFUSED @ http://localhost:3000/api/notifications/unread-count:0
[ 9782967ms] [ERROR] Error fetching unread count: TypeError: Failed to fetch
    at eval (webpack-internal:///(app-pages-browser)/./src/components/notifications/NotificationDropdown.jsx:46:36)
    at eval (webpack-internal:///(app-pages-browser)/./src/components/notifications/NotificationDropdown.jsx:115:13) @ webpack-internal:///(app-pages-browser)/./node_modules/next/dist/client/app-index.js:32
[ 9812921ms] [ERROR] Failed to load resource: net::ERR_CONNECTION_REFUSED @ http://localhost:3000/api/notifications/unread-count:0
[ 9812921ms] [ERROR] Error fetching unread count: TypeError: Failed to fetch
    at eval (webpack-internal:///(app-pages-browser)/./src/components/notifications/NotificationDropdown.jsx:46:36)
    at eval (webpack-internal:///(app-pages-browser)/./src/components/notifications/NotificationDropdown.jsx:115:13) @ webpack-internal:///(app-pages-browser)/./node_modules/next/dist/client/app-index.js:32
[ 9842924ms] [ERROR] Failed to load resource: net::ERR_CONNECTION_REFUSED @ http://localhost:3000/api/notifications/unread-count:0
[ 9842924ms] [ERROR] Error fetching unread count: TypeError: Failed to fetch
    at eval (webpack-internal:///(app-pages-browser)/./src/components/notifications/NotificationDropdown.jsx:46:36)
    at eval (webpack-internal:///(app-pages-browser)/./src/components/notifications/NotificationDropdown.jsx:115:13) @ webpack-internal:///(app-pages-browser)/./node_modules/next/dist/client/app-index.js:32
[ 9872925ms] [ERROR] Failed to load resource: net::ERR_CONNECTION_REFUSED @ http://localhost:3000/api/notifications/unread-count:0
[ 9872925ms] [ERROR] Error fetching unread count: TypeError: Failed to fetch
    at eval (webpack-internal:///(app-pages-browser)/./src/components/notifications/NotificationDropdown.jsx:46:36)
    at eval (webpack-internal:///(app-pages-browser)/./src/components/notifications/NotificationDropdown.jsx:115:13) @ webpack-internal:///(app-pages-browser)/./node_modules/next/dist/client/app-index.js:32
[ 9902929ms] [ERROR] Failed to load resource: net::ERR_CONNECTION_REFUSED @ http://localhost:3000/api/notifications/unread-count:0
[ 9902929ms] [ERROR] Error fetching unread count: TypeError: Failed to fetch
    at eval (webpack-internal:///(app-pages-browser)/./src/components/notifications/NotificationDropdown.jsx:46:36)
    at eval (webpack-internal:///(app-pages-browser)/./src/components/notifications/NotificationDropdown.jsx:115:13) @ webpack-internal:///(app-pages-browser)/./node_modules/next/dist/client/app-index.js:32
[ 9932957ms] [ERROR] Failed to load resource: net::ERR_CONNECTION_REFUSED @ http://localhost:3000/api/notifications/unread-count:0
[ 9932957ms] [ERROR] Error fetching unread count: TypeError: Failed to fetch
    at eval (webpack-internal:///(app-pages-browser)/./src/components/notifications/NotificationDropdown.jsx:46:36)
    at eval (webpack-internal:///(app-pages-browser)/./src/components/notifications/NotificationDropdown.jsx:115:13) @ webpack-internal:///(app-pages-browser)/./node_modules/next/dist/client/app-index.js:32
[ 9962941ms] [ERROR] Failed to load resource: net::ERR_CONNECTION_REFUSED @ http://localhost:3000/api/notifications/unread-count:0
[ 9962941ms] [ERROR] Error fetching unread count: TypeError: Failed to fetch
    at eval (webpack-internal:///(app-pages-browser)/./src/components/notifications/NotificationDropdown.jsx:46:36)
    at eval (webpack-internal:///(app-pages-browser)/./src/components/notifications/NotificationDropdown.jsx:115:13) @ webpack-internal:///(app-pages-browser)/./node_modules/next/dist/client/app-index.js:32
[ 9992946ms] [ERROR] Failed to load resource: net::ERR_CONNECTION_REFUSED @ http://localhost:3000/api/notifications/unread-count:0
[ 9992946ms] [ERROR] Error fetching unread count: TypeError: Failed to fetch
    at eval (webpack-internal:///(app-pages-browser)/./src/components/notifications/NotificationDropdown.jsx:46:36)
    at eval (webpack-internal:///(app-pages-browser)/./src/components/notifications/NotificationDropdown.jsx:115:13) @ webpack-internal:///(app-pages-browser)/./node_modules/next/dist/client/app-index.js:32
[10022959ms] [ERROR] Failed to load resource: net::ERR_CONNECTION_REFUSED @ http://localhost:3000/api/notifications/unread-count:0
[10022959ms] [ERROR] Error fetching unread count: TypeError: Failed to fetch
    at eval (webpack-internal:///(app-pages-browser)/./src/components/notifications/NotificationDropdown.jsx:46:36)
    at eval (webpack-internal:///(app-pages-browser)/./src/components/notifications/NotificationDropdown.jsx:115:13) @ webpack-internal:///(app-pages-browser)/./node_modules/next/dist/client/app-index.js:32
[10052947ms] [ERROR] Failed to load resource: net::ERR_CONNECTION_REFUSED @ http://localhost:3000/api/notifications/unread-count:0
[10052947ms] [ERROR] Error fetching unread count: TypeError: Failed to fetch
    at eval (webpack-internal:///(app-pages-browser)/./src/components/notifications/NotificationDropdown.jsx:46:36)
    at eval (webpack-internal:///(app-pages-browser)/./src/components/notifications/NotificationDropdown.jsx:115:13) @ webpack-internal:///(app-pages-browser)/./node_modules/next/dist/client/app-index.js:32
[10082964ms] [ERROR] Failed to load resource: net::ERR_CONNECTION_REFUSED @ http://localhost:3000/api/notifications/unread-count:0
[10082964ms] [ERROR] Error fetching unread count: TypeError: Failed to fetch
    at eval (webpack-internal:///(app-pages-browser)/./src/components/notifications/NotificationDropdown.jsx:46:36)
    at eval (webpack-internal:///(app-pages-browser)/./src/components/notifications/NotificationDropdown.jsx:115:13) @ webpack-internal:///(app-pages-browser)/./node_modules/next/dist/client/app-index.js:32
[10112949ms] [ERROR] Failed to load resource: net::ERR_CONNECTION_REFUSED @ http://localhost:3000/api/notifications/unread-count:0
[10112949ms] [ERROR] Error fetching unread count: TypeError: Failed to fetch
    at eval (webpack-internal:///(app-pages-browser)/./src/components/notifications/NotificationDropdown.jsx:46:36)
    at eval (webpack-internal:///(app-pages-browser)/./src/components/notifications/NotificationDropdown.jsx:115:13) @ webpack-internal:///(app-pages-browser)/./node_modules/next/dist/client/app-index.js:32
[10142935ms] [ERROR] Failed to load resource: net::ERR_CONNECTION_REFUSED @ http://localhost:3000/api/notifications/unread-count:0
[10142935ms] [ERROR] Error fetching unread count: TypeError: Failed to fetch
    at eval (webpack-internal:///(app-pages-browser)/./src/components/notifications/NotificationDropdown.jsx:46:36)
    at eval (webpack-internal:///(app-pages-browser)/./src/components/notifications/NotificationDropdown.jsx:115:13) @ webpack-internal:///(app-pages-browser)/./node_modules/next/dist/client/app-index.js:32
[10172967ms] [ERROR] Failed to load resource: net::ERR_CONNECTION_REFUSED @ http://localhost:3000/api/notifications/unread-count:0
[10172967ms] [ERROR] Error fetching unread count: TypeError: Failed to fetch
    at eval (webpack-internal:///(app-pages-browser)/./src/components/notifications/NotificationDropdown.jsx:46:36)
    at eval (webpack-internal:///(app-pages-browser)/./src/components/notifications/NotificationDropdown.jsx:115:13) @ webpack-internal:///(app-pages-browser)/./node_modules/next/dist/client/app-index.js:32
[10202954ms] [ERROR] Failed to load resource: net::ERR_CONNECTION_REFUSED @ http://localhost:3000/api/notifications/unread-count:0
[10202954ms] [ERROR] Error fetching unread count: TypeError: Failed to fetch
    at eval (webpack-internal:///(app-pages-browser)/./src/components/notifications/NotificationDropdown.jsx:46:36)
    at eval (webpack-internal:///(app-pages-browser)/./src/components/notifications/NotificationDropdown.jsx:115:13) @ webpack-internal:///(app-pages-browser)/./node_modules/next/dist/client/app-index.js:32
[10232954ms] [ERROR] Failed to load resource: net::ERR_CONNECTION_REFUSED @ http://localhost:3000/api/notifications/unread-count:0
[10232954ms] [ERROR] Error fetching unread count: TypeError: Failed to fetch
    at eval (webpack-internal:///(app-pages-browser)/./src/components/notifications/NotificationDropdown.jsx:46:36)
    at eval (webpack-internal:///(app-pages-browser)/./src/components/notifications/NotificationDropdown.jsx:115:13) @ webpack-internal:///(app-pages-browser)/./node_modules/next/dist/client/app-index.js:32
[10262939ms] [ERROR] Failed to load resource: net::ERR_CONNECTION_REFUSED @ http://localhost:3000/api/notifications/unread-count:0
[10262939ms] [ERROR] Error fetching unread count: TypeError: Failed to fetch
    at eval (webpack-internal:///(app-pages-browser)/./src/components/notifications/NotificationDropdown.jsx:46:36)
    at eval (webpack-internal:///(app-pages-browser)/./src/components/notifications/NotificationDropdown.jsx:115:13) @ webpack-internal:///(app-pages-browser)/./node_modules/next/dist/client/app-index.js:32
[10292928ms] [ERROR] Failed to load resource: net::ERR_CONNECTION_REFUSED @ http://localhost:3000/api/notifications/unread-count:0
[10292928ms] [ERROR] Error fetching unread count: TypeError: Failed to fetch
    at eval (webpack-internal:///(app-pages-browser)/./src/components/notifications/NotificationDropdown.jsx:46:36)
    at eval (webpack-internal:///(app-pages-browser)/./src/components/notifications/NotificationDropdown.jsx:115:13) @ webpack-internal:///(app-pages-browser)/./node_modules/next/dist/client/app-index.js:32
[10322944ms] [ERROR] Failed to load resource: net::ERR_CONNECTION_REFUSED @ http://localhost:3000/api/notifications/unread-count:0
[10322944ms] [ERROR] Error fetching unread count: TypeError: Failed to fetch
    at eval (webpack-internal:///(app-pages-browser)/./src/components/notifications/NotificationDropdown.jsx:46:36)
    at eval (webpack-internal:///(app-pages-browser)/./src/components/notifications/NotificationDropdown.jsx:115:13) @ webpack-internal:///(app-pages-browser)/./node_modules/next/dist/client/app-index.js:32
[10352944ms] [ERROR] Failed to load resource: net::ERR_CONNECTION_REFUSED @ http://localhost:3000/api/notifications/unread-count:0
[10352944ms] [ERROR] Error fetching unread count: TypeError: Failed to fetch
    at eval (webpack-internal:///(app-pages-browser)/./src/components/notifications/NotificationDropdown.jsx:46:36)
    at eval (webpack-internal:///(app-pages-browser)/./src/components/notifications/NotificationDropdown.jsx:115:13) @ webpack-internal:///(app-pages-browser)/./node_modules/next/dist/client/app-index.js:32
[10382930ms] [ERROR] Failed to load resource: net::ERR_CONNECTION_REFUSED @ http://localhost:3000/api/notifications/unread-count:0
[10382930ms] [ERROR] Error fetching unread count: TypeError: Failed to fetch
    at eval (webpack-internal:///(app-pages-browser)/./src/components/notifications/NotificationDropdown.jsx:46:36)
    at eval (webpack-internal:///(app-pages-browser)/./src/components/notifications/NotificationDropdown.jsx:115:13) @ webpack-internal:///(app-pages-browser)/./node_modules/next/dist/client/app-index.js:32
[10412945ms] [ERROR] Failed to load resource: net::ERR_CONNECTION_REFUSED @ http://localhost:3000/api/notifications/unread-count:0
[10412945ms] [ERROR] Error fetching unread count: TypeError: Failed to fetch
    at eval (webpack-internal:///(app-pages-browser)/./src/components/notifications/NotificationDropdown.jsx:46:36)
    at eval (webpack-internal:///(app-pages-browser)/./src/components/notifications/NotificationDropdown.jsx:115:13) @ webpack-internal:///(app-pages-browser)/./node_modules/next/dist/client/app-index.js:32
[10442936ms] [ERROR] Failed to load resource: net::ERR_CONNECTION_REFUSED @ http://localhost:3000/api/notifications/unread-count:0
[10442936ms] [ERROR] Error fetching unread count: TypeError: Failed to fetch
    at eval (webpack-internal:///(app-pages-browser)/./src/components/notifications/NotificationDropdown.jsx:46:36)
    at eval (webpack-internal:///(app-pages-browser)/./src/components/notifications/NotificationDropdown.jsx:115:13) @ webpack-internal:///(app-pages-browser)/./node_modules/next/dist/client/app-index.js:32
[10472967ms] [ERROR] Failed to load resource: net::ERR_CONNECTION_REFUSED @ http://localhost:3000/api/notifications/unread-count:0
[10472967ms] [ERROR] Error fetching unread count: TypeError: Failed to fetch
    at eval (webpack-internal:///(app-pages-browser)/./src/components/notifications/NotificationDropdown.jsx:46:36)
    at eval (webpack-internal:///(app-pages-browser)/./src/components/notifications/NotificationDropdown.jsx:115:13) @ webpack-internal:///(app-pages-browser)/./node_modules/next/dist/client/app-index.js:32
[10502950ms] [ERROR] Failed to load resource: net::ERR_CONNECTION_REFUSED @ http://localhost:3000/api/notifications/unread-count:0
[10502950ms] [ERROR] Error fetching unread count: TypeError: Failed to fetch
    at eval (webpack-internal:///(app-pages-browser)/./src/components/notifications/NotificationDropdown.jsx:46:36)
    at eval (webpack-internal:///(app-pages-browser)/./src/components/notifications/NotificationDropdown.jsx:115:13) @ webpack-internal:///(app-pages-browser)/./node_modules/next/dist/client/app-index.js:32
[10532937ms] [ERROR] Failed to load resource: net::ERR_CONNECTION_REFUSED @ http://localhost:3000/api/notifications/unread-count:0
[10532937ms] [ERROR] Error fetching unread count: TypeError: Failed to fetch
    at eval (webpack-internal:///(app-pages-browser)/./src/components/notifications/NotificationDropdown.jsx:46:36)
    at eval (webpack-internal:///(app-pages-browser)/./src/components/notifications/NotificationDropdown.jsx:115:13) @ webpack-internal:///(app-pages-browser)/./node_modules/next/dist/client/app-index.js:32
[10562922ms] [ERROR] Failed to load resource: net::ERR_CONNECTION_REFUSED @ http://localhost:3000/api/notifications/unread-count:0
[10562922ms] [ERROR] Error fetching unread count: TypeError: Failed to fetch
    at eval (webpack-internal:///(app-pages-browser)/./src/components/notifications/NotificationDropdown.jsx:46:36)
    at eval (webpack-internal:///(app-pages-browser)/./src/components/notifications/NotificationDropdown.jsx:115:13) @ webpack-internal:///(app-pages-browser)/./node_modules/next/dist/client/app-index.js:32
[10592925ms] [ERROR] Failed to load resource: net::ERR_CONNECTION_REFUSED @ http://localhost:3000/api/notifications/unread-count:0
[10592925ms] [ERROR] Error fetching unread count: TypeError: Failed to fetch
    at eval (webpack-internal:///(app-pages-browser)/./src/components/notifications/NotificationDropdown.jsx:46:36)
    at eval (webpack-internal:///(app-pages-browser)/./src/components/notifications/NotificationDropdown.jsx:115:13) @ webpack-internal:///(app-pages-browser)/./node_modules/next/dist/client/app-index.js:32
[10622924ms] [ERROR] Failed to load resource: net::ERR_CONNECTION_REFUSED @ http://localhost:3000/api/notifications/unread-count:0
[10622924ms] [ERROR] Error fetching unread count: TypeError: Failed to fetch
    at eval (webpack-internal:///(app-pages-browser)/./src/components/notifications/NotificationDropdown.jsx:46:36)
    at eval (webpack-internal:///(app-pages-browser)/./src/components/notifications/NotificationDropdown.jsx:115:13) @ webpack-internal:///(app-pages-browser)/./node_modules/next/dist/client/app-index.js:32
[10652941ms] [ERROR] Failed to load resource: net::ERR_CONNECTION_REFUSED @ http://localhost:3000/api/notifications/unread-count:0
[10652941ms] [ERROR] Error fetching unread count: TypeError: Failed to fetch
    at eval (webpack-internal:///(app-pages-browser)/./src/components/notifications/NotificationDropdown.jsx:46:36)
    at eval (webpack-internal:///(app-pages-browser)/./src/components/notifications/NotificationDropdown.jsx:115:13) @ webpack-internal:///(app-pages-browser)/./node_modules/next/dist/client/app-index.js:32
[10682947ms] [ERROR] Failed to load resource: net::ERR_CONNECTION_REFUSED @ http://localhost:3000/api/notifications/unread-count:0
[10682947ms] [ERROR] Error fetching unread count: TypeError: Failed to fetch
    at eval (webpack-internal:///(app-pages-browser)/./src/components/notifications/NotificationDropdown.jsx:46:36)
    at eval (webpack-internal:///(app-pages-browser)/./src/components/notifications/NotificationDropdown.jsx:115:13) @ webpack-internal:///(app-pages-browser)/./node_modules/next/dist/client/app-index.js:32
[10712933ms] [ERROR] Failed to load resource: net::ERR_CONNECTION_REFUSED @ http://localhost:3000/api/notifications/unread-count:0
[10712933ms] [ERROR] Error fetching unread count: TypeError: Failed to fetch
    at eval (webpack-internal:///(app-pages-browser)/./src/components/notifications/NotificationDropdown.jsx:46:36)
    at eval (webpack-internal:///(app-pages-browser)/./src/components/notifications/NotificationDropdown.jsx:115:13) @ webpack-internal:///(app-pages-browser)/./node_modules/next/dist/client/app-index.js:32
[10742935ms] [ERROR] Failed to load resource: net::ERR_CONNECTION_REFUSED @ http://localhost:3000/api/notifications/unread-count:0
[10742935ms] [ERROR] Error fetching unread count: TypeError: Failed to fetch
    at eval (webpack-internal:///(app-pages-browser)/./src/components/notifications/NotificationDropdown.jsx:46:36)
    at eval (webpack-internal:///(app-pages-browser)/./src/components/notifications/NotificationDropdown.jsx:115:13) @ webpack-internal:///(app-pages-browser)/./node_modules/next/dist/client/app-index.js:32
[10772951ms] [ERROR] Failed to load resource: net::ERR_CONNECTION_REFUSED @ http://localhost:3000/api/notifications/unread-count:0
[10772951ms] [ERROR] Error fetching unread count: TypeError: Failed to fetch
    at eval (webpack-internal:///(app-pages-browser)/./src/components/notifications/NotificationDropdown.jsx:46:36)
    at eval (webpack-internal:///(app-pages-browser)/./src/components/notifications/NotificationDropdown.jsx:115:13) @ webpack-internal:///(app-pages-browser)/./node_modules/next/dist/client/app-index.js:32
[10802921ms] [ERROR] Failed to load resource: net::ERR_CONNECTION_REFUSED @ http://localhost:3000/api/notifications/unread-count:0
[10802921ms] [ERROR] Error fetching unread count: TypeError: Failed to fetch
    at eval (webpack-internal:///(app-pages-browser)/./src/components/notifications/NotificationDropdown.jsx:46:36)
    at eval (webpack-internal:///(app-pages-browser)/./src/components/notifications/NotificationDropdown.jsx:115:13) @ webpack-internal:///(app-pages-browser)/./node_modules/next/dist/client/app-index.js:32
[10832951ms] [ERROR] Failed to load resource: net::ERR_CONNECTION_REFUSED @ http://localhost:3000/api/notifications/unread-count:0
[10832951ms] [ERROR] Error fetching unread count: TypeError: Failed to fetch
    at eval (webpack-internal:///(app-pages-browser)/./src/components/notifications/NotificationDropdown.jsx:46:36)
    at eval (webpack-internal:///(app-pages-browser)/./src/components/notifications/NotificationDropdown.jsx:115:13) @ webpack-internal:///(app-pages-browser)/./node_modules/next/dist/client/app-index.js:32
[10862938ms] [ERROR] Failed to load resource: net::ERR_CONNECTION_REFUSED @ http://localhost:3000/api/notifications/unread-count:0
[10862938ms] [ERROR] Error fetching unread count: TypeError: Failed to fetch
    at eval (webpack-internal:///(app-pages-browser)/./src/components/notifications/NotificationDropdown.jsx:46:36)
    at eval (webpack-internal:///(app-pages-browser)/./src/components/notifications/NotificationDropdown.jsx:115:13) @ webpack-internal:///(app-pages-browser)/./node_modules/next/dist/client/app-index.js:32
[10892956ms] [ERROR] Failed to load resource: net::ERR_CONNECTION_REFUSED @ http://localhost:3000/api/notifications/unread-count:0
[10892956ms] [ERROR] Error fetching unread count: TypeError: Failed to fetch
    at eval (webpack-internal:///(app-pages-browser)/./src/components/notifications/NotificationDropdown.jsx:46:36)
    at eval (webpack-internal:///(app-pages-browser)/./src/components/notifications/NotificationDropdown.jsx:115:13) @ webpack-internal:///(app-pages-browser)/./node_modules/next/dist/client/app-index.js:32
[10922942ms] [ERROR] Failed to load resource: net::ERR_CONNECTION_REFUSED @ http://localhost:3000/api/notifications/unread-count:0
[10922943ms] [ERROR] Error fetching unread count: TypeError: Failed to fetch
    at eval (webpack-internal:///(app-pages-browser)/./src/components/notifications/NotificationDropdown.jsx:46:36)
    at eval (webpack-internal:///(app-pages-browser)/./src/components/notifications/NotificationDropdown.jsx:115:13) @ webpack-internal:///(app-pages-browser)/./node_modules/next/dist/client/app-index.js:32
[10952944ms] [ERROR] Failed to load resource: net::ERR_CONNECTION_REFUSED @ http://localhost:3000/api/notifications/unread-count:0
[10952944ms] [ERROR] Error fetching unread count: TypeError: Failed to fetch
    at eval (webpack-internal:///(app-pages-browser)/./src/components/notifications/NotificationDropdown.jsx:46:36)
    at eval (webpack-internal:///(app-pages-browser)/./src/components/notifications/NotificationDropdown.jsx:115:13) @ webpack-internal:///(app-pages-browser)/./node_modules/next/dist/client/app-index.js:32
[10982946ms] [ERROR] Failed to load resource: net::ERR_CONNECTION_REFUSED @ http://localhost:3000/api/notifications/unread-count:0
[10982946ms] [ERROR] Error fetching unread count: TypeError: Failed to fetch
    at eval (webpack-internal:///(app-pages-browser)/./src/components/notifications/NotificationDropdown.jsx:46:36)
    at eval (webpack-internal:///(app-pages-browser)/./src/components/notifications/NotificationDropdown.jsx:115:13) @ webpack-internal:///(app-pages-browser)/./node_modules/next/dist/client/app-index.js:32
[11012963ms] [ERROR] Failed to load resource: net::ERR_CONNECTION_REFUSED @ http://localhost:3000/api/notifications/unread-count:0
[11012963ms] [ERROR] Error fetching unread count: TypeError: Failed to fetch
    at eval (webpack-internal:///(app-pages-browser)/./src/components/notifications/NotificationDropdown.jsx:46:36)
    at eval (webpack-internal:///(app-pages-browser)/./src/components/notifications/NotificationDropdown.jsx:115:13) @ webpack-internal:///(app-pages-browser)/./node_modules/next/dist/client/app-index.js:32
[11042948ms] [ERROR] Failed to load resource: net::ERR_CONNECTION_REFUSED @ http://localhost:3000/api/notifications/unread-count:0
[11042948ms] [ERROR] Error fetching unread count: TypeError: Failed to fetch
    at eval (webpack-internal:///(app-pages-browser)/./src/components/notifications/NotificationDropdown.jsx:46:36)
    at eval (webpack-internal:///(app-pages-browser)/./src/components/notifications/NotificationDropdown.jsx:115:13) @ webpack-internal:///(app-pages-browser)/./node_modules/next/dist/client/app-index.js:32
[11072948ms] [ERROR] Failed to load resource: net::ERR_CONNECTION_REFUSED @ http://localhost:3000/api/notifications/unread-count:0
[11072948ms] [ERROR] Error fetching unread count: TypeError: Failed to fetch
    at eval (webpack-internal:///(app-pages-browser)/./src/components/notifications/NotificationDropdown.jsx:46:36)
    at eval (webpack-internal:///(app-pages-browser)/./src/components/notifications/NotificationDropdown.jsx:115:13) @ webpack-internal:///(app-pages-browser)/./node_modules/next/dist/client/app-index.js:32
[11102950ms] [ERROR] Failed to load resource: net::ERR_CONNECTION_REFUSED @ http://localhost:3000/api/notifications/unread-count:0
[11102950ms] [ERROR] Error fetching unread count: TypeError: Failed to fetch
    at eval (webpack-internal:///(app-pages-browser)/./src/components/notifications/NotificationDropdown.jsx:46:36)
    at eval (webpack-internal:///(app-pages-browser)/./src/components/notifications/NotificationDropdown.jsx:115:13) @ webpack-internal:///(app-pages-browser)/./node_modules/next/dist/client/app-index.js:32
[11132953ms] [ERROR] Failed to load resource: net::ERR_CONNECTION_REFUSED @ http://localhost:3000/api/notifications/unread-count:0
[11132954ms] [ERROR] Error fetching unread count: TypeError: Failed to fetch
    at eval (webpack-internal:///(app-pages-browser)/./src/components/notifications/NotificationDropdown.jsx:46:36)
    at eval (webpack-internal:///(app-pages-browser)/./src/components/notifications/NotificationDropdown.jsx:115:13) @ webpack-internal:///(app-pages-browser)/./node_modules/next/dist/client/app-index.js:32
[11162938ms] [ERROR] Failed to load resource: net::ERR_CONNECTION_REFUSED @ http://localhost:3000/api/notifications/unread-count:0
[11162938ms] [ERROR] Error fetching unread count: TypeError: Failed to fetch
    at eval (webpack-internal:///(app-pages-browser)/./src/components/notifications/NotificationDropdown.jsx:46:36)
    at eval (webpack-internal:///(app-pages-browser)/./src/components/notifications/NotificationDropdown.jsx:115:13) @ webpack-internal:///(app-pages-browser)/./node_modules/next/dist/client/app-index.js:32
[11192923ms] [ERROR] Failed to load resource: net::ERR_CONNECTION_REFUSED @ http://localhost:3000/api/notifications/unread-count:0
[11192923ms] [ERROR] Error fetching unread count: TypeError: Failed to fetch
    at eval (webpack-internal:///(app-pages-browser)/./src/components/notifications/NotificationDropdown.jsx:46:36)
    at eval (webpack-internal:///(app-pages-browser)/./src/components/notifications/NotificationDropdown.jsx:115:13) @ webpack-internal:///(app-pages-browser)/./node_modules/next/dist/client/app-index.js:32
[11222942ms] [ERROR] Failed to load resource: net::ERR_CONNECTION_REFUSED @ http://localhost:3000/api/notifications/unread-count:0
[11222942ms] [ERROR] Error fetching unread count: TypeError: Failed to fetch
    at eval (webpack-internal:///(app-pages-browser)/./src/components/notifications/NotificationDropdown.jsx:46:36)
    at eval (webpack-internal:///(app-pages-browser)/./src/components/notifications/NotificationDropdown.jsx:115:13) @ webpack-internal:///(app-pages-browser)/./node_modules/next/dist/client/app-index.js:32
[11252945ms] [ERROR] Failed to load resource: net::ERR_CONNECTION_REFUSED @ http://localhost:3000/api/notifications/unread-count:0
[11252945ms] [ERROR] Error fetching unread count: TypeError: Failed to fetch
    at eval (webpack-internal:///(app-pages-browser)/./src/components/notifications/NotificationDropdown.jsx:46:36)
    at eval (webpack-internal:///(app-pages-browser)/./src/components/notifications/NotificationDropdown.jsx:115:13) @ webpack-internal:///(app-pages-browser)/./node_modules/next/dist/client/app-index.js:32
[11282943ms] [ERROR] Failed to load resource: net::ERR_CONNECTION_REFUSED @ http://localhost:3000/api/notifications/unread-count:0
[11282943ms] [ERROR] Error fetching unread count: TypeError: Failed to fetch
    at eval (webpack-internal:///(app-pages-browser)/./src/components/notifications/NotificationDropdown.jsx:46:36)
    at eval (webpack-internal:///(app-pages-browser)/./src/components/notifications/NotificationDropdown.jsx:115:13) @ webpack-internal:///(app-pages-browser)/./node_modules/next/dist/client/app-index.js:32
[11312934ms] [ERROR] Failed to load resource: net::ERR_CONNECTION_REFUSED @ http://localhost:3000/api/notifications/unread-count:0
[11312934ms] [ERROR] Error fetching unread count: TypeError: Failed to fetch
    at eval (webpack-internal:///(app-pages-browser)/./src/components/notifications/NotificationDropdown.jsx:46:36)
    at eval (webpack-internal:///(app-pages-browser)/./src/components/notifications/NotificationDropdown.jsx:115:13) @ webpack-internal:///(app-pages-browser)/./node_modules/next/dist/client/app-index.js:32
[11342938ms] [ERROR] Failed to load resource: net::ERR_CONNECTION_REFUSED @ http://localhost:3000/api/notifications/unread-count:0
[11342939ms] [ERROR] Error fetching unread count: TypeError: Failed to fetch
    at eval (webpack-internal:///(app-pages-browser)/./src/components/notifications/NotificationDropdown.jsx:46:36)
    at eval (webpack-internal:///(app-pages-browser)/./src/components/notifications/NotificationDropdown.jsx:115:13) @ webpack-internal:///(app-pages-browser)/./node_modules/next/dist/client/app-index.js:32
[11372951ms] [ERROR] Failed to load resource: net::ERR_CONNECTION_REFUSED @ http://localhost:3000/api/notifications/unread-count:0
[11372951ms] [ERROR] Error fetching unread count: TypeError: Failed to fetch
    at eval (webpack-internal:///(app-pages-browser)/./src/components/notifications/NotificationDropdown.jsx:46:36)
    at eval (webpack-internal:///(app-pages-browser)/./src/components/notifications/NotificationDropdown.jsx:115:13) @ webpack-internal:///(app-pages-browser)/./node_modules/next/dist/client/app-index.js:32
[11402923ms] [ERROR] Failed to load resource: net::ERR_CONNECTION_REFUSED @ http://localhost:3000/api/notifications/unread-count:0
[11402923ms] [ERROR] Error fetching unread count: TypeError: Failed to fetch
    at eval (webpack-internal:///(app-pages-browser)/./src/components/notifications/NotificationDropdown.jsx:46:36)
    at eval (webpack-internal:///(app-pages-browser)/./src/components/notifications/NotificationDropdown.jsx:115:13) @ webpack-internal:///(app-pages-browser)/./node_modules/next/dist/client/app-index.js:32
[11432939ms] [ERROR] Failed to load resource: net::ERR_CONNECTION_REFUSED @ http://localhost:3000/api/notifications/unread-count:0
[11432939ms] [ERROR] Error fetching unread count: TypeError: Failed to fetch
    at eval (webpack-internal:///(app-pages-browser)/./src/components/notifications/NotificationDropdown.jsx:46:36)
    at eval (webpack-internal:///(app-pages-browser)/./src/components/notifications/NotificationDropdown.jsx:115:13) @ webpack-internal:///(app-pages-browser)/./node_modules/next/dist/client/app-index.js:32
[11462941ms] [ERROR] Failed to load resource: net::ERR_CONNECTION_REFUSED @ http://localhost:3000/api/notifications/unread-count:0
[11462942ms] [ERROR] Error fetching unread count: TypeError: Failed to fetch
    at eval (webpack-internal:///(app-pages-browser)/./src/components/notifications/NotificationDropdown.jsx:46:36)
    at eval (webpack-internal:///(app-pages-browser)/./src/components/notifications/NotificationDropdown.jsx:115:13) @ webpack-internal:///(app-pages-browser)/./node_modules/next/dist/client/app-index.js:32
[11492942ms] [ERROR] Failed to load resource: net::ERR_CONNECTION_REFUSED @ http://localhost:3000/api/notifications/unread-count:0
[11492942ms] [ERROR] Error fetching unread count: TypeError: Failed to fetch
    at eval (webpack-internal:///(app-pages-browser)/./src/components/notifications/NotificationDropdown.jsx:46:36)
    at eval (webpack-internal:///(app-pages-browser)/./src/components/notifications/NotificationDropdown.jsx:115:13) @ webpack-internal:///(app-pages-browser)/./node_modules/next/dist/client/app-index.js:32
[11522926ms] [ERROR] Failed to load resource: net::ERR_CONNECTION_REFUSED @ http://localhost:3000/api/notifications/unread-count:0
[11522927ms] [ERROR] Error fetching unread count: TypeError: Failed to fetch
    at eval (webpack-internal:///(app-pages-browser)/./src/components/notifications/NotificationDropdown.jsx:46:36)
    at eval (webpack-internal:///(app-pages-browser)/./src/components/notifications/NotificationDropdown.jsx:115:13) @ webpack-internal:///(app-pages-browser)/./node_modules/next/dist/client/app-index.js:32
[11552946ms] [ERROR] Failed to load resource: net::ERR_CONNECTION_REFUSED @ http://localhost:3000/api/notifications/unread-count:0
[11552947ms] [ERROR] Error fetching unread count: TypeError: Failed to fetch
    at eval (webpack-internal:///(app-pages-browser)/./src/components/notifications/NotificationDropdown.jsx:46:36)
    at eval (webpack-internal:///(app-pages-browser)/./src/components/notifications/NotificationDropdown.jsx:115:13) @ webpack-internal:///(app-pages-browser)/./node_modules/next/dist/client/app-index.js:32
[11582929ms] [ERROR] Failed to load resource: net::ERR_CONNECTION_REFUSED @ http://localhost:3000/api/notifications/unread-count:0
[11582929ms] [ERROR] Error fetching unread count: TypeError: Failed to fetch
    at eval (webpack-internal:///(app-pages-browser)/./src/components/notifications/NotificationDropdown.jsx:46:36)
    at eval (webpack-internal:///(app-pages-browser)/./src/components/notifications/NotificationDropdown.jsx:115:13) @ webpack-internal:///(app-pages-browser)/./node_modules/next/dist/client/app-index.js:32
[11612961ms] [ERROR] Failed to load resource: net::ERR_CONNECTION_REFUSED @ http://localhost:3000/api/notifications/unread-count:0
[11612961ms] [ERROR] Error fetching unread count: TypeError: Failed to fetch
    at eval (webpack-internal:///(app-pages-browser)/./src/components/notifications/NotificationDropdown.jsx:46:36)
    at eval (webpack-internal:///(app-pages-browser)/./src/components/notifications/NotificationDropdown.jsx:115:13) @ webpack-internal:///(app-pages-browser)/./node_modules/next/dist/client/app-index.js:32
[11642932ms] [ERROR] Failed to load resource: net::ERR_CONNECTION_REFUSED @ http://localhost:3000/api/notifications/unread-count:0
[11642932ms] [ERROR] Error fetching unread count: TypeError: Failed to fetch
    at eval (webpack-internal:///(app-pages-browser)/./src/components/notifications/NotificationDropdown.jsx:46:36)
    at eval (webpack-internal:///(app-pages-browser)/./src/components/notifications/NotificationDropdown.jsx:115:13) @ webpack-internal:///(app-pages-browser)/./node_modules/next/dist/client/app-index.js:32
[11672947ms] [ERROR] Failed to load resource: net::ERR_CONNECTION_REFUSED @ http://localhost:3000/api/notifications/unread-count:0
[11672947ms] [ERROR] Error fetching unread count: TypeError: Failed to fetch
    at eval (webpack-internal:///(app-pages-browser)/./src/components/notifications/NotificationDropdown.jsx:46:36)
    at eval (webpack-internal:///(app-pages-browser)/./src/components/notifications/NotificationDropdown.jsx:115:13) @ webpack-internal:///(app-pages-browser)/./node_modules/next/dist/client/app-index.js:32
[11702967ms] [ERROR] Failed to load resource: net::ERR_CONNECTION_REFUSED @ http://localhost:3000/api/notifications/unread-count:0
[11702968ms] [ERROR] Error fetching unread count: TypeError: Failed to fetch
    at eval (webpack-internal:///(app-pages-browser)/./src/components/notifications/NotificationDropdown.jsx:46:36)
    at eval (webpack-internal:///(app-pages-browser)/./src/components/notifications/NotificationDropdown.jsx:115:13) @ webpack-internal:///(app-pages-browser)/./node_modules/next/dist/client/app-index.js:32
[11732953ms] [ERROR] Failed to load resource: net::ERR_CONNECTION_REFUSED @ http://localhost:3000/api/notifications/unread-count:0
[11732953ms] [ERROR] Error fetching unread count: TypeError: Failed to fetch
    at eval (webpack-internal:///(app-pages-browser)/./src/components/notifications/NotificationDropdown.jsx:46:36)
    at eval (webpack-internal:///(app-pages-browser)/./src/components/notifications/NotificationDropdown.jsx:115:13) @ webpack-internal:///(app-pages-browser)/./node_modules/next/dist/client/app-index.js:32
[11762938ms] [ERROR] Failed to load resource: net::ERR_CONNECTION_REFUSED @ http://localhost:3000/api/notifications/unread-count:0
[11762938ms] [ERROR] Error fetching unread count: TypeError: Failed to fetch
    at eval (webpack-internal:///(app-pages-browser)/./src/components/notifications/NotificationDropdown.jsx:46:36)
    at eval (webpack-internal:///(app-pages-browser)/./src/components/notifications/NotificationDropdown.jsx:115:13) @ webpack-internal:///(app-pages-browser)/./node_modules/next/dist/client/app-index.js:32
[11792955ms] [ERROR] Failed to load resource: net::ERR_CONNECTION_REFUSED @ http://localhost:3000/api/notifications/unread-count:0
[11792955ms] [ERROR] Error fetching unread count: TypeError: Failed to fetch
    at eval (webpack-internal:///(app-pages-browser)/./src/components/notifications/NotificationDropdown.jsx:46:36)
    at eval (webpack-internal:///(app-pages-browser)/./src/components/notifications/NotificationDropdown.jsx:115:13) @ webpack-internal:///(app-pages-browser)/./node_modules/next/dist/client/app-index.js:32
[11822943ms] [ERROR] Failed to load resource: net::ERR_CONNECTION_REFUSED @ http://localhost:3000/api/notifications/unread-count:0
[11822943ms] [ERROR] Error fetching unread count: TypeError: Failed to fetch
    at eval (webpack-internal:///(app-pages-browser)/./src/components/notifications/NotificationDropdown.jsx:46:36)
    at eval (webpack-internal:///(app-pages-browser)/./src/components/notifications/NotificationDropdown.jsx:115:13) @ webpack-internal:///(app-pages-browser)/./node_modules/next/dist/client/app-index.js:32
[11852947ms] [ERROR] Failed to load resource: net::ERR_CONNECTION_REFUSED @ http://localhost:3000/api/notifications/unread-count:0
[11852947ms] [ERROR] Error fetching unread count: TypeError: Failed to fetch
    at eval (webpack-internal:///(app-pages-browser)/./src/components/notifications/NotificationDropdown.jsx:46:36)
    at eval (webpack-internal:///(app-pages-browser)/./src/components/notifications/NotificationDropdown.jsx:115:13) @ webpack-internal:///(app-pages-browser)/./node_modules/next/dist/client/app-index.js:32
[11882927ms] [ERROR] Failed to load resource: net::ERR_CONNECTION_REFUSED @ http://localhost:3000/api/notifications/unread-count:0
[11882927ms] [ERROR] Error fetching unread count: TypeError: Failed to fetch
    at eval (webpack-internal:///(app-pages-browser)/./src/components/notifications/NotificationDropdown.jsx:46:36)
    at eval (webpack-internal:///(app-pages-browser)/./src/components/notifications/NotificationDropdown.jsx:115:13) @ webpack-internal:///(app-pages-browser)/./node_modules/next/dist/client/app-index.js:32
[11912966ms] [ERROR] Failed to load resource: net::ERR_CONNECTION_REFUSED @ http://localhost:3000/api/notifications/unread-count:0
[11912966ms] [ERROR] Error fetching unread count: TypeError: Failed to fetch
    at eval (webpack-internal:///(app-pages-browser)/./src/components/notifications/NotificationDropdown.jsx:46:36)
    at eval (webpack-internal:///(app-pages-browser)/./src/components/notifications/NotificationDropdown.jsx:115:13) @ webpack-internal:///(app-pages-browser)/./node_modules/next/dist/client/app-index.js:32
[11942963ms] [ERROR] Failed to load resource: net::ERR_CONNECTION_REFUSED @ http://localhost:3000/api/notifications/unread-count:0
[11942963ms] [ERROR] Error fetching unread count: TypeError: Failed to fetch
    at eval (webpack-internal:///(app-pages-browser)/./src/components/notifications/NotificationDropdown.jsx:46:36)
    at eval (webpack-internal:///(app-pages-browser)/./src/components/notifications/NotificationDropdown.jsx:115:13) @ webpack-internal:///(app-pages-browser)/./node_modules/next/dist/client/app-index.js:32
[11972964ms] [ERROR] Failed to load resource: net::ERR_CONNECTION_REFUSED @ http://localhost:3000/api/notifications/unread-count:0
[11972964ms] [ERROR] Error fetching unread count: TypeError: Failed to fetch
    at eval (webpack-internal:///(app-pages-browser)/./src/components/notifications/NotificationDropdown.jsx:46:36)
    at eval (webpack-internal:///(app-pages-browser)/./src/components/notifications/NotificationDropdown.jsx:115:13) @ webpack-internal:///(app-pages-browser)/./node_modules/next/dist/client/app-index.js:32
[12002937ms] [ERROR] Failed to load resource: net::ERR_CONNECTION_REFUSED @ http://localhost:3000/api/notifications/unread-count:0
[12002937ms] [ERROR] Error fetching unread count: TypeError: Failed to fetch
    at eval (webpack-internal:///(app-pages-browser)/./src/components/notifications/NotificationDropdown.jsx:46:36)
    at eval (webpack-internal:///(app-pages-browser)/./src/components/notifications/NotificationDropdown.jsx:115:13) @ webpack-internal:///(app-pages-browser)/./node_modules/next/dist/client/app-index.js:32
[12032937ms] [ERROR] Failed to load resource: net::ERR_CONNECTION_REFUSED @ http://localhost:3000/api/notifications/unread-count:0
[12032937ms] [ERROR] Error fetching unread count: TypeError: Failed to fetch
    at eval (webpack-internal:///(app-pages-browser)/./src/components/notifications/NotificationDropdown.jsx:46:36)
    at eval (webpack-internal:///(app-pages-browser)/./src/components/notifications/NotificationDropdown.jsx:115:13) @ webpack-internal:///(app-pages-browser)/./node_modules/next/dist/client/app-index.js:32
[12062941ms] [ERROR] Failed to load resource: net::ERR_CONNECTION_REFUSED @ http://localhost:3000/api/notifications/unread-count:0
[12062941ms] [ERROR] Error fetching unread count: TypeError: Failed to fetch
    at eval (webpack-internal:///(app-pages-browser)/./src/components/notifications/NotificationDropdown.jsx:46:36)
    at eval (webpack-internal:///(app-pages-browser)/./src/components/notifications/NotificationDropdown.jsx:115:13) @ webpack-internal:///(app-pages-browser)/./node_modules/next/dist/client/app-index.js:32
[12092955ms] [ERROR] Failed to load resource: net::ERR_CONNECTION_REFUSED @ http://localhost:3000/api/notifications/unread-count:0
[12092955ms] [ERROR] Error fetching unread count: TypeError: Failed to fetch
    at eval (webpack-internal:///(app-pages-browser)/./src/components/notifications/NotificationDropdown.jsx:46:36)
    at eval (webpack-internal:///(app-pages-browser)/./src/components/notifications/NotificationDropdown.jsx:115:13) @ webpack-internal:///(app-pages-browser)/./node_modules/next/dist/client/app-index.js:32
[12122944ms] [ERROR] Failed to load resource: net::ERR_CONNECTION_REFUSED @ http://localhost:3000/api/notifications/unread-count:0
[12122944ms] [ERROR] Error fetching unread count: TypeError: Failed to fetch
    at eval (webpack-internal:///(app-pages-browser)/./src/components/notifications/NotificationDropdown.jsx:46:36)
    at eval (webpack-internal:///(app-pages-browser)/./src/components/notifications/NotificationDropdown.jsx:115:13) @ webpack-internal:///(app-pages-browser)/./node_modules/next/dist/client/app-index.js:32
[12152961ms] [ERROR] Failed to load resource: net::ERR_CONNECTION_REFUSED @ http://localhost:3000/api/notifications/unread-count:0
[12152961ms] [ERROR] Error fetching unread count: TypeError: Failed to fetch
    at eval (webpack-internal:///(app-pages-browser)/./src/components/notifications/NotificationDropdown.jsx:46:36)
    at eval (webpack-internal:///(app-pages-browser)/./src/components/notifications/NotificationDropdown.jsx:115:13) @ webpack-internal:///(app-pages-browser)/./node_modules/next/dist/client/app-index.js:32
[12182949ms] [ERROR] Failed to load resource: net::ERR_CONNECTION_REFUSED @ http://localhost:3000/api/notifications/unread-count:0
[12182949ms] [ERROR] Error fetching unread count: TypeError: Failed to fetch
    at eval (webpack-internal:///(app-pages-browser)/./src/components/notifications/NotificationDropdown.jsx:46:36)
    at eval (webpack-internal:///(app-pages-browser)/./src/components/notifications/NotificationDropdown.jsx:115:13) @ webpack-internal:///(app-pages-browser)/./node_modules/next/dist/client/app-index.js:32
[12212933ms] [ERROR] Failed to load resource: net::ERR_CONNECTION_REFUSED @ http://localhost:3000/api/notifications/unread-count:0
[12212934ms] [ERROR] Error fetching unread count: TypeError: Failed to fetch
    at eval (webpack-internal:///(app-pages-browser)/./src/components/notifications/NotificationDropdown.jsx:46:36)
    at eval (webpack-internal:///(app-pages-browser)/./src/components/notifications/NotificationDropdown.jsx:115:13) @ webpack-internal:///(app-pages-browser)/./node_modules/next/dist/client/app-index.js:32
[12242934ms] [ERROR] Failed to load resource: net::ERR_CONNECTION_REFUSED @ http://localhost:3000/api/notifications/unread-count:0
[12242935ms] [ERROR] Error fetching unread count: TypeError: Failed to fetch
    at eval (webpack-internal:///(app-pages-browser)/./src/components/notifications/NotificationDropdown.jsx:46:36)
    at eval (webpack-internal:///(app-pages-browser)/./src/components/notifications/NotificationDropdown.jsx:115:13) @ webpack-internal:///(app-pages-browser)/./node_modules/next/dist/client/app-index.js:32
[12272954ms] [ERROR] Failed to load resource: net::ERR_CONNECTION_REFUSED @ http://localhost:3000/api/notifications/unread-count:0
[12272954ms] [ERROR] Error fetching unread count: TypeError: Failed to fetch
    at eval (webpack-internal:///(app-pages-browser)/./src/components/notifications/NotificationDropdown.jsx:46:36)
    at eval (webpack-internal:///(app-pages-browser)/./src/components/notifications/NotificationDropdown.jsx:115:13) @ webpack-internal:///(app-pages-browser)/./node_modules/next/dist/client/app-index.js:32
[12302949ms] [ERROR] Failed to load resource: net::ERR_CONNECTION_REFUSED @ http://localhost:3000/api/notifications/unread-count:0
[12302950ms] [ERROR] Error fetching unread count: TypeError: Failed to fetch
    at eval (webpack-internal:///(app-pages-browser)/./src/components/notifications/NotificationDropdown.jsx:46:36)
    at eval (webpack-internal:///(app-pages-browser)/./src/components/notifications/NotificationDropdown.jsx:115:13) @ webpack-internal:///(app-pages-browser)/./node_modules/next/dist/client/app-index.js:32
[12332920ms] [ERROR] Failed to load resource: net::ERR_CONNECTION_REFUSED @ http://localhost:3000/api/notifications/unread-count:0
[12332920ms] [ERROR] Error fetching unread count: TypeError: Failed to fetch
    at eval (webpack-internal:///(app-pages-browser)/./src/components/notifications/NotificationDropdown.jsx:46:36)
    at eval (webpack-internal:///(app-pages-browser)/./src/components/notifications/NotificationDropdown.jsx:115:13) @ webpack-internal:///(app-pages-browser)/./node_modules/next/dist/client/app-index.js:32
[12362923ms] [ERROR] Failed to load resource: net::ERR_CONNECTION_REFUSED @ http://localhost:3000/api/notifications/unread-count:0
[12362923ms] [ERROR] Error fetching unread count: TypeError: Failed to fetch
    at eval (webpack-internal:///(app-pages-browser)/./src/components/notifications/NotificationDropdown.jsx:46:36)
    at eval (webpack-internal:///(app-pages-browser)/./src/components/notifications/NotificationDropdown.jsx:115:13) @ webpack-internal:///(app-pages-browser)/./node_modules/next/dist/client/app-index.js:32
[12392939ms] [ERROR] Failed to load resource: net::ERR_CONNECTION_REFUSED @ http://localhost:3000/api/notifications/unread-count:0
[12392939ms] [ERROR] Error fetching unread count: TypeError: Failed to fetch
    at eval (webpack-internal:///(app-pages-browser)/./src/components/notifications/NotificationDropdown.jsx:46:36)
    at eval (webpack-internal:///(app-pages-browser)/./src/components/notifications/NotificationDropdown.jsx:115:13) @ webpack-internal:///(app-pages-browser)/./node_modules/next/dist/client/app-index.js:32
[12422955ms] [ERROR] Failed to load resource: net::ERR_CONNECTION_REFUSED @ http://localhost:3000/api/notifications/unread-count:0
[12422955ms] [ERROR] Error fetching unread count: TypeError: Failed to fetch
    at eval (webpack-internal:///(app-pages-browser)/./src/components/notifications/NotificationDropdown.jsx:46:36)
    at eval (webpack-internal:///(app-pages-browser)/./src/components/notifications/NotificationDropdown.jsx:115:13) @ webpack-internal:///(app-pages-browser)/./node_modules/next/dist/client/app-index.js:32
[12452953ms] [ERROR] Failed to load resource: net::ERR_CONNECTION_REFUSED @ http://localhost:3000/api/notifications/unread-count:0
[12452954ms] [ERROR] Error fetching unread count: TypeError: Failed to fetch
    at eval (webpack-internal:///(app-pages-browser)/./src/components/notifications/NotificationDropdown.jsx:46:36)
    at eval (webpack-internal:///(app-pages-browser)/./src/components/notifications/NotificationDropdown.jsx:115:13) @ webpack-internal:///(app-pages-browser)/./node_modules/next/dist/client/app-index.js:32
[12482941ms] [ERROR] Failed to load resource: net::ERR_CONNECTION_REFUSED @ http://localhost:3000/api/notifications/unread-count:0
[12482942ms] [ERROR] Error fetching unread count: TypeError: Failed to fetch
    at eval (webpack-internal:///(app-pages-browser)/./src/components/notifications/NotificationDropdown.jsx:46:36)
    at eval (webpack-internal:///(app-pages-browser)/./src/components/notifications/NotificationDropdown.jsx:115:13) @ webpack-internal:///(app-pages-browser)/./node_modules/next/dist/client/app-index.js:32
[12512960ms] [ERROR] Failed to load resource: net::ERR_CONNECTION_REFUSED @ http://localhost:3000/api/notifications/unread-count:0
[12512960ms] [ERROR] Error fetching unread count: TypeError: Failed to fetch
    at eval (webpack-internal:///(app-pages-browser)/./src/components/notifications/NotificationDropdown.jsx:46:36)
    at eval (webpack-internal:///(app-pages-browser)/./src/components/notifications/NotificationDropdown.jsx:115:13) @ webpack-internal:///(app-pages-browser)/./node_modules/next/dist/client/app-index.js:32
[12542946ms] [ERROR] Failed to load resource: net::ERR_CONNECTION_REFUSED @ http://localhost:3000/api/notifications/unread-count:0
[12542946ms] [ERROR] Error fetching unread count: TypeError: Failed to fetch
    at eval (webpack-internal:///(app-pages-browser)/./src/components/notifications/NotificationDropdown.jsx:46:36)
    at eval (webpack-internal:///(app-pages-browser)/./src/components/notifications/NotificationDropdown.jsx:115:13) @ webpack-internal:///(app-pages-browser)/./node_modules/next/dist/client/app-index.js:32
[12572930ms] [ERROR] Failed to load resource: net::ERR_CONNECTION_REFUSED @ http://localhost:3000/api/notifications/unread-count:0
[12572930ms] [ERROR] Error fetching unread count: TypeError: Failed to fetch
    at eval (webpack-internal:///(app-pages-browser)/./src/components/notifications/NotificationDropdown.jsx:46:36)
    at eval (webpack-internal:///(app-pages-browser)/./src/components/notifications/NotificationDropdown.jsx:115:13) @ webpack-internal:///(app-pages-browser)/./node_modules/next/dist/client/app-index.js:32
[12602933ms] [ERROR] Failed to load resource: net::ERR_CONNECTION_REFUSED @ http://localhost:3000/api/notifications/unread-count:0
[12602934ms] [ERROR] Error fetching unread count: TypeError: Failed to fetch
    at eval (webpack-internal:///(app-pages-browser)/./src/components/notifications/NotificationDropdown.jsx:46:36)
    at eval (webpack-internal:///(app-pages-browser)/./src/components/notifications/NotificationDropdown.jsx:115:13) @ webpack-internal:///(app-pages-browser)/./node_modules/next/dist/client/app-index.js:32
[12632919ms] [ERROR] Failed to load resource: net::ERR_CONNECTION_REFUSED @ http://localhost:3000/api/notifications/unread-count:0
[12632919ms] [ERROR] Error fetching unread count: TypeError: Failed to fetch
    at eval (webpack-internal:///(app-pages-browser)/./src/components/notifications/NotificationDropdown.jsx:46:36)
    at eval (webpack-internal:///(app-pages-browser)/./src/components/notifications/NotificationDropdown.jsx:115:13) @ webpack-internal:///(app-pages-browser)/./node_modules/next/dist/client/app-index.js:32
[12662952ms] [ERROR] Failed to load resource: net::ERR_CONNECTION_REFUSED @ http://localhost:3000/api/notifications/unread-count:0
[12662952ms] [ERROR] Error fetching unread count: TypeError: Failed to fetch
    at eval (webpack-internal:///(app-pages-browser)/./src/components/notifications/NotificationDropdown.jsx:46:36)
    at eval (webpack-internal:///(app-pages-browser)/./src/components/notifications/NotificationDropdown.jsx:115:13) @ webpack-internal:///(app-pages-browser)/./node_modules/next/dist/client/app-index.js:32
[12692965ms] [ERROR] Failed to load resource: net::ERR_CONNECTION_REFUSED @ http://localhost:3000/api/notifications/unread-count:0
[12692965ms] [ERROR] Error fetching unread count: TypeError: Failed to fetch
    at eval (webpack-internal:///(app-pages-browser)/./src/components/notifications/NotificationDropdown.jsx:46:36)
    at eval (webpack-internal:///(app-pages-browser)/./src/components/notifications/NotificationDropdown.jsx:115:13) @ webpack-internal:///(app-pages-browser)/./node_modules/next/dist/client/app-index.js:32
[12722936ms] [ERROR] Failed to load resource: net::ERR_CONNECTION_REFUSED @ http://localhost:3000/api/notifications/unread-count:0
[12722936ms] [ERROR] Error fetching unread count: TypeError: Failed to fetch
    at eval (webpack-internal:///(app-pages-browser)/./src/components/notifications/NotificationDropdown.jsx:46:36)
    at eval (webpack-internal:///(app-pages-browser)/./src/components/notifications/NotificationDropdown.jsx:115:13) @ webpack-internal:///(app-pages-browser)/./node_modules/next/dist/client/app-index.js:32
[12752953ms] [ERROR] Failed to load resource: net::ERR_CONNECTION_REFUSED @ http://localhost:3000/api/notifications/unread-count:0
[12752953ms] [ERROR] Error fetching unread count: TypeError: Failed to fetch
    at eval (webpack-internal:///(app-pages-browser)/./src/components/notifications/NotificationDropdown.jsx:46:36)
    at eval (webpack-internal:///(app-pages-browser)/./src/components/notifications/NotificationDropdown.jsx:115:13) @ webpack-internal:///(app-pages-browser)/./node_modules/next/dist/client/app-index.js:32
[12782940ms] [ERROR] Failed to load resource: net::ERR_CONNECTION_REFUSED @ http://localhost:3000/api/notifications/unread-count:0
[12782940ms] [ERROR] Error fetching unread count: TypeError: Failed to fetch
    at eval (webpack-internal:///(app-pages-browser)/./src/components/notifications/NotificationDropdown.jsx:46:36)
    at eval (webpack-internal:///(app-pages-browser)/./src/components/notifications/NotificationDropdown.jsx:115:13) @ webpack-internal:///(app-pages-browser)/./node_modules/next/dist/client/app-index.js:32
[12812958ms] [ERROR] Failed to load resource: net::ERR_CONNECTION_REFUSED @ http://localhost:3000/api/notifications/unread-count:0
[12812958ms] [ERROR] Error fetching unread count: TypeError: Failed to fetch
    at eval (webpack-internal:///(app-pages-browser)/./src/components/notifications/NotificationDropdown.jsx:46:36)
    at eval (webpack-internal:///(app-pages-browser)/./src/components/notifications/NotificationDropdown.jsx:115:13) @ webpack-internal:///(app-pages-browser)/./node_modules/next/dist/client/app-index.js:32
[12842942ms] [ERROR] Failed to load resource: net::ERR_CONNECTION_REFUSED @ http://localhost:3000/api/notifications/unread-count:0
[12842942ms] [ERROR] Error fetching unread count: TypeError: Failed to fetch
    at eval (webpack-internal:///(app-pages-browser)/./src/components/notifications/NotificationDropdown.jsx:46:36)
    at eval (webpack-internal:///(app-pages-browser)/./src/components/notifications/NotificationDropdown.jsx:115:13) @ webpack-internal:///(app-pages-browser)/./node_modules/next/dist/client/app-index.js:32
[12872929ms] [ERROR] Failed to load resource: net::ERR_CONNECTION_REFUSED @ http://localhost:3000/api/notifications/unread-count:0
[12872929ms] [ERROR] Error fetching unread count: TypeError: Failed to fetch
    at eval (webpack-internal:///(app-pages-browser)/./src/components/notifications/NotificationDropdown.jsx:46:36)
    at eval (webpack-internal:///(app-pages-browser)/./src/components/notifications/NotificationDropdown.jsx:115:13) @ webpack-internal:///(app-pages-browser)/./node_modules/next/dist/client/app-index.js:32
[12902945ms] [ERROR] Failed to load resource: net::ERR_CONNECTION_REFUSED @ http://localhost:3000/api/notifications/unread-count:0
[12902945ms] [ERROR] Error fetching unread count: TypeError: Failed to fetch
    at eval (webpack-internal:///(app-pages-browser)/./src/components/notifications/NotificationDropdown.jsx:46:36)
    at eval (webpack-internal:///(app-pages-browser)/./src/components/notifications/NotificationDropdown.jsx:115:13) @ webpack-internal:///(app-pages-browser)/./node_modules/next/dist/client/app-index.js:32
[12932963ms] [ERROR] Failed to load resource: net::ERR_CONNECTION_REFUSED @ http://localhost:3000/api/notifications/unread-count:0
[12932963ms] [ERROR] Error fetching unread count: TypeError: Failed to fetch
    at eval (webpack-internal:///(app-pages-browser)/./src/components/notifications/NotificationDropdown.jsx:46:36)
    at eval (webpack-internal:///(app-pages-browser)/./src/components/notifications/NotificationDropdown.jsx:115:13) @ webpack-internal:///(app-pages-browser)/./node_modules/next/dist/client/app-index.js:32
[12962933ms] [ERROR] Failed to load resource: net::ERR_CONNECTION_REFUSED @ http://localhost:3000/api/notifications/unread-count:0
[12962933ms] [ERROR] Error fetching unread count: TypeError: Failed to fetch
    at eval (webpack-internal:///(app-pages-browser)/./src/components/notifications/NotificationDropdown.jsx:46:36)
    at eval (webpack-internal:///(app-pages-browser)/./src/components/notifications/NotificationDropdown.jsx:115:13) @ webpack-internal:///(app-pages-browser)/./node_modules/next/dist/client/app-index.js:32
[12992949ms] [ERROR] Failed to load resource: net::ERR_CONNECTION_REFUSED @ http://localhost:3000/api/notifications/unread-count:0
[12992949ms] [ERROR] Error fetching unread count: TypeError: Failed to fetch
    at eval (webpack-internal:///(app-pages-browser)/./src/components/notifications/NotificationDropdown.jsx:46:36)
    at eval (webpack-internal:///(app-pages-browser)/./src/components/notifications/NotificationDropdown.jsx:115:13) @ webpack-internal:///(app-pages-browser)/./node_modules/next/dist/client/app-index.js:32
[13022937ms] [ERROR] Failed to load resource: net::ERR_CONNECTION_REFUSED @ http://localhost:3000/api/notifications/unread-count:0
[13022937ms] [ERROR] Error fetching unread count: TypeError: Failed to fetch
    at eval (webpack-internal:///(app-pages-browser)/./src/components/notifications/NotificationDropdown.jsx:46:36)
    at eval (webpack-internal:///(app-pages-browser)/./src/components/notifications/NotificationDropdown.jsx:115:13) @ webpack-internal:///(app-pages-browser)/./node_modules/next/dist/client/app-index.js:32
[13052938ms] [ERROR] Failed to load resource: net::ERR_CONNECTION_REFUSED @ http://localhost:3000/api/notifications/unread-count:0
[13052938ms] [ERROR] Error fetching unread count: TypeError: Failed to fetch
    at eval (webpack-internal:///(app-pages-browser)/./src/components/notifications/NotificationDropdown.jsx:46:36)
    at eval (webpack-internal:///(app-pages-browser)/./src/components/notifications/NotificationDropdown.jsx:115:13) @ webpack-internal:///(app-pages-browser)/./node_modules/next/dist/client/app-index.js:32
[13082937ms] [ERROR] Failed to load resource: net::ERR_CONNECTION_REFUSED @ http://localhost:3000/api/notifications/unread-count:0
[13082937ms] [ERROR] Error fetching unread count: TypeError: Failed to fetch
    at eval (webpack-internal:///(app-pages-browser)/./src/components/notifications/NotificationDropdown.jsx:46:36)
    at eval (webpack-internal:///(app-pages-browser)/./src/components/notifications/NotificationDropdown.jsx:115:13) @ webpack-internal:///(app-pages-browser)/./node_modules/next/dist/client/app-index.js:32
[13112955ms] [ERROR] Failed to load resource: net::ERR_CONNECTION_REFUSED @ http://localhost:3000/api/notifications/unread-count:0
[13112955ms] [ERROR] Error fetching unread count: TypeError: Failed to fetch
    at eval (webpack-internal:///(app-pages-browser)/./src/components/notifications/NotificationDropdown.jsx:46:36)
    at eval (webpack-internal:///(app-pages-browser)/./src/components/notifications/NotificationDropdown.jsx:115:13) @ webpack-internal:///(app-pages-browser)/./node_modules/next/dist/client/app-index.js:32
[13142940ms] [ERROR] Failed to load resource: net::ERR_CONNECTION_REFUSED @ http://localhost:3000/api/notifications/unread-count:0
[13142940ms] [ERROR] Error fetching unread count: TypeError: Failed to fetch
    at eval (webpack-internal:///(app-pages-browser)/./src/components/notifications/NotificationDropdown.jsx:46:36)
    at eval (webpack-internal:///(app-pages-browser)/./src/components/notifications/NotificationDropdown.jsx:115:13) @ webpack-internal:///(app-pages-browser)/./node_modules/next/dist/client/app-index.js:32
[13172942ms] [ERROR] Failed to load resource: net::ERR_CONNECTION_REFUSED @ http://localhost:3000/api/notifications/unread-count:0
[13172942ms] [ERROR] Error fetching unread count: TypeError: Failed to fetch
    at eval (webpack-internal:///(app-pages-browser)/./src/components/notifications/NotificationDropdown.jsx:46:36)
    at eval (webpack-internal:///(app-pages-browser)/./src/components/notifications/NotificationDropdown.jsx:115:13) @ webpack-internal:///(app-pages-browser)/./node_modules/next/dist/client/app-index.js:32
[13202924ms] [ERROR] Failed to load resource: net::ERR_CONNECTION_REFUSED @ http://localhost:3000/api/notifications/unread-count:0
[13202924ms] [ERROR] Error fetching unread count: TypeError: Failed to fetch
    at eval (webpack-internal:///(app-pages-browser)/./src/components/notifications/NotificationDropdown.jsx:46:36)
    at eval (webpack-internal:///(app-pages-browser)/./src/components/notifications/NotificationDropdown.jsx:115:13) @ webpack-internal:///(app-pages-browser)/./node_modules/next/dist/client/app-index.js:32
[13232975ms] [ERROR] Failed to load resource: net::ERR_CONNECTION_REFUSED @ http://localhost:3000/api/notifications/unread-count:0
[13232975ms] [ERROR] Error fetching unread count: TypeError: Failed to fetch
    at eval (webpack-internal:///(app-pages-browser)/./src/components/notifications/NotificationDropdown.jsx:46:36)
    at eval (webpack-internal:///(app-pages-browser)/./src/components/notifications/NotificationDropdown.jsx:115:13) @ webpack-internal:///(app-pages-browser)/./node_modules/next/dist/client/app-index.js:32
[13262946ms] [ERROR] Failed to load resource: net::ERR_CONNECTION_REFUSED @ http://localhost:3000/api/notifications/unread-count:0
[13262947ms] [ERROR] Error fetching unread count: TypeError: Failed to fetch
    at eval (webpack-internal:///(app-pages-browser)/./src/components/notifications/NotificationDropdown.jsx:46:36)
    at eval (webpack-internal:///(app-pages-browser)/./src/components/notifications/NotificationDropdown.jsx:115:13) @ webpack-internal:///(app-pages-browser)/./node_modules/next/dist/client/app-index.js:32
[13292944ms] [ERROR] Failed to load resource: net::ERR_CONNECTION_REFUSED @ http://localhost:3000/api/notifications/unread-count:0
[13292944ms] [ERROR] Error fetching unread count: TypeError: Failed to fetch
    at eval (webpack-internal:///(app-pages-browser)/./src/components/notifications/NotificationDropdown.jsx:46:36)
    at eval (webpack-internal:///(app-pages-browser)/./src/components/notifications/NotificationDropdown.jsx:115:13) @ webpack-internal:///(app-pages-browser)/./node_modules/next/dist/client/app-index.js:32
[13322950ms] [ERROR] Failed to load resource: net::ERR_CONNECTION_REFUSED @ http://localhost:3000/api/notifications/unread-count:0
[13322950ms] [ERROR] Error fetching unread count: TypeError: Failed to fetch
    at eval (webpack-internal:///(app-pages-browser)/./src/components/notifications/NotificationDropdown.jsx:46:36)
    at eval (webpack-internal:///(app-pages-browser)/./src/components/notifications/NotificationDropdown.jsx:115:13) @ webpack-internal:///(app-pages-browser)/./node_modules/next/dist/client/app-index.js:32
[13352952ms] [ERROR] Failed to load resource: net::ERR_CONNECTION_REFUSED @ http://localhost:3000/api/notifications/unread-count:0
[13352952ms] [ERROR] Error fetching unread count: TypeError: Failed to fetch
    at eval (webpack-internal:///(app-pages-browser)/./src/components/notifications/NotificationDropdown.jsx:46:36)
    at eval (webpack-internal:///(app-pages-browser)/./src/components/notifications/NotificationDropdown.jsx:115:13) @ webpack-internal:///(app-pages-browser)/./node_modules/next/dist/client/app-index.js:32
[13382951ms] [ERROR] Failed to load resource: net::ERR_CONNECTION_REFUSED @ http://localhost:3000/api/notifications/unread-count:0
[13382951ms] [ERROR] Error fetching unread count: TypeError: Failed to fetch
    at eval (webpack-internal:///(app-pages-browser)/./src/components/notifications/NotificationDropdown.jsx:46:36)
    at eval (webpack-internal:///(app-pages-browser)/./src/components/notifications/NotificationDropdown.jsx:115:13) @ webpack-internal:///(app-pages-browser)/./node_modules/next/dist/client/app-index.js:32
[13412951ms] [ERROR] Failed to load resource: net::ERR_CONNECTION_REFUSED @ http://localhost:3000/api/notifications/unread-count:0
[13412951ms] [ERROR] Error fetching unread count: TypeError: Failed to fetch
    at eval (webpack-internal:///(app-pages-browser)/./src/components/notifications/NotificationDropdown.jsx:46:36)
    at eval (webpack-internal:///(app-pages-browser)/./src/components/notifications/NotificationDropdown.jsx:115:13) @ webpack-internal:///(app-pages-browser)/./node_modules/next/dist/client/app-index.js:32
[13442942ms] [ERROR] Failed to load resource: net::ERR_CONNECTION_REFUSED @ http://localhost:3000/api/notifications/unread-count:0
[13442942ms] [ERROR] Error fetching unread count: TypeError: Failed to fetch
    at eval (webpack-internal:///(app-pages-browser)/./src/components/notifications/NotificationDropdown.jsx:46:36)
    at eval (webpack-internal:///(app-pages-browser)/./src/components/notifications/NotificationDropdown.jsx:115:13) @ webpack-internal:///(app-pages-browser)/./node_modules/next/dist/client/app-index.js:32
[13472942ms] [ERROR] Failed to load resource: net::ERR_CONNECTION_REFUSED @ http://localhost:3000/api/notifications/unread-count:0
[13472943ms] [ERROR] Error fetching unread count: TypeError: Failed to fetch
    at eval (webpack-internal:///(app-pages-browser)/./src/components/notifications/NotificationDropdown.jsx:46:36)
    at eval (webpack-internal:///(app-pages-browser)/./src/components/notifications/NotificationDropdown.jsx:115:13) @ webpack-internal:///(app-pages-browser)/./node_modules/next/dist/client/app-index.js:32
[13502928ms] [ERROR] Failed to load resource: net::ERR_CONNECTION_REFUSED @ http://localhost:3000/api/notifications/unread-count:0
[13502928ms] [ERROR] Error fetching unread count: TypeError: Failed to fetch
    at eval (webpack-internal:///(app-pages-browser)/./src/components/notifications/NotificationDropdown.jsx:46:36)
    at eval (webpack-internal:///(app-pages-browser)/./src/components/notifications/NotificationDropdown.jsx:115:13) @ webpack-internal:///(app-pages-browser)/./node_modules/next/dist/client/app-index.js:32
[13532961ms] [ERROR] Failed to load resource: net::ERR_CONNECTION_REFUSED @ http://localhost:3000/api/notifications/unread-count:0
[13532961ms] [ERROR] Error fetching unread count: TypeError: Failed to fetch
    at eval (webpack-internal:///(app-pages-browser)/./src/components/notifications/NotificationDropdown.jsx:46:36)
    at eval (webpack-internal:///(app-pages-browser)/./src/components/notifications/NotificationDropdown.jsx:115:13) @ webpack-internal:///(app-pages-browser)/./node_modules/next/dist/client/app-index.js:32
[13562929ms] [ERROR] Failed to load resource: net::ERR_CONNECTION_REFUSED @ http://localhost:3000/api/notifications/unread-count:0
[13562929ms] [ERROR] Error fetching unread count: TypeError: Failed to fetch
    at eval (webpack-internal:///(app-pages-browser)/./src/components/notifications/NotificationDropdown.jsx:46:36)
    at eval (webpack-internal:///(app-pages-browser)/./src/components/notifications/NotificationDropdown.jsx:115:13) @ webpack-internal:///(app-pages-browser)/./node_modules/next/dist/client/app-index.js:32
[13592945ms] [ERROR] Failed to load resource: net::ERR_CONNECTION_REFUSED @ http://localhost:3000/api/notifications/unread-count:0
[13592945ms] [ERROR] Error fetching unread count: TypeError: Failed to fetch
    at eval (webpack-internal:///(app-pages-browser)/./src/components/notifications/NotificationDropdown.jsx:46:36)
    at eval (webpack-internal:///(app-pages-browser)/./src/components/notifications/NotificationDropdown.jsx:115:13) @ webpack-internal:///(app-pages-browser)/./node_modules/next/dist/client/app-index.js:32
[13622933ms] [ERROR] Failed to load resource: net::ERR_CONNECTION_REFUSED @ http://localhost:3000/api/notifications/unread-count:0
[13622933ms] [ERROR] Error fetching unread count: TypeError: Failed to fetch
    at eval (webpack-internal:///(app-pages-browser)/./src/components/notifications/NotificationDropdown.jsx:46:36)
    at eval (webpack-internal:///(app-pages-browser)/./src/components/notifications/NotificationDropdown.jsx:115:13) @ webpack-internal:///(app-pages-browser)/./node_modules/next/dist/client/app-index.js:32
[13652935ms] [ERROR] Failed to load resource: net::ERR_CONNECTION_REFUSED @ http://localhost:3000/api/notifications/unread-count:0
[13652935ms] [ERROR] Error fetching unread count: TypeError: Failed to fetch
    at eval (webpack-internal:///(app-pages-browser)/./src/components/notifications/NotificationDropdown.jsx:46:36)
    at eval (webpack-internal:///(app-pages-browser)/./src/components/notifications/NotificationDropdown.jsx:115:13) @ webpack-internal:///(app-pages-browser)/./node_modules/next/dist/client/app-index.js:32
[13682951ms] [ERROR] Failed to load resource: net::ERR_CONNECTION_REFUSED @ http://localhost:3000/api/notifications/unread-count:0
[13682951ms] [ERROR] Error fetching unread count: TypeError: Failed to fetch
    at eval (webpack-internal:///(app-pages-browser)/./src/components/notifications/NotificationDropdown.jsx:46:36)
    at eval (webpack-internal:///(app-pages-browser)/./src/components/notifications/NotificationDropdown.jsx:115:13) @ webpack-internal:///(app-pages-browser)/./node_modules/next/dist/client/app-index.js:32
[13712936ms] [ERROR] Failed to load resource: net::ERR_CONNECTION_REFUSED @ http://localhost:3000/api/notifications/unread-count:0
[13712936ms] [ERROR] Error fetching unread count: TypeError: Failed to fetch
    at eval (webpack-internal:///(app-pages-browser)/./src/components/notifications/NotificationDropdown.jsx:46:36)
    at eval (webpack-internal:///(app-pages-browser)/./src/components/notifications/NotificationDropdown.jsx:115:13) @ webpack-internal:///(app-pages-browser)/./node_modules/next/dist/client/app-index.js:32
[13742969ms] [ERROR] Failed to load resource: net::ERR_CONNECTION_REFUSED @ http://localhost:3000/api/notifications/unread-count:0
[13742969ms] [ERROR] Error fetching unread count: TypeError: Failed to fetch
    at eval (webpack-internal:///(app-pages-browser)/./src/components/notifications/NotificationDropdown.jsx:46:36)
    at eval (webpack-internal:///(app-pages-browser)/./src/components/notifications/NotificationDropdown.jsx:115:13) @ webpack-internal:///(app-pages-browser)/./node_modules/next/dist/client/app-index.js:32
[13772923ms] [ERROR] Failed to load resource: net::ERR_CONNECTION_REFUSED @ http://localhost:3000/api/notifications/unread-count:0
[13772923ms] [ERROR] Error fetching unread count: TypeError: Failed to fetch
    at eval (webpack-internal:///(app-pages-browser)/./src/components/notifications/NotificationDropdown.jsx:46:36)
    at eval (webpack-internal:///(app-pages-browser)/./src/components/notifications/NotificationDropdown.jsx:115:13) @ webpack-internal:///(app-pages-browser)/./node_modules/next/dist/client/app-index.js:32
[13802941ms] [ERROR] Failed to load resource: net::ERR_CONNECTION_REFUSED @ http://localhost:3000/api/notifications/unread-count:0
[13802941ms] [ERROR] Error fetching unread count: TypeError: Failed to fetch
    at eval (webpack-internal:///(app-pages-browser)/./src/components/notifications/NotificationDropdown.jsx:46:36)
    at eval (webpack-internal:///(app-pages-browser)/./src/components/notifications/NotificationDropdown.jsx:115:13) @ webpack-internal:///(app-pages-browser)/./node_modules/next/dist/client/app-index.js:32
[13832942ms] [ERROR] Failed to load resource: net::ERR_CONNECTION_REFUSED @ http://localhost:3000/api/notifications/unread-count:0
[13832942ms] [ERROR] Error fetching unread count: TypeError: Failed to fetch
    at eval (webpack-internal:///(app-pages-browser)/./src/components/notifications/NotificationDropdown.jsx:46:36)
    at eval (webpack-internal:///(app-pages-browser)/./src/components/notifications/NotificationDropdown.jsx:115:13) @ webpack-internal:///(app-pages-browser)/./node_modules/next/dist/client/app-index.js:32
[13862945ms] [ERROR] Failed to load resource: net::ERR_CONNECTION_REFUSED @ http://localhost:3000/api/notifications/unread-count:0
[13862945ms] [ERROR] Error fetching unread count: TypeError: Failed to fetch
    at eval (webpack-internal:///(app-pages-browser)/./src/components/notifications/NotificationDropdown.jsx:46:36)
    at eval (webpack-internal:///(app-pages-browser)/./src/components/notifications/NotificationDropdown.jsx:115:13) @ webpack-internal:///(app-pages-browser)/./node_modules/next/dist/client/app-index.js:32
[13892958ms] [ERROR] Failed to load resource: net::ERR_CONNECTION_REFUSED @ http://localhost:3000/api/notifications/unread-count:0
[13892958ms] [ERROR] Error fetching unread count: TypeError: Failed to fetch
    at eval (webpack-internal:///(app-pages-browser)/./src/components/notifications/NotificationDropdown.jsx:46:36)
    at eval (webpack-internal:///(app-pages-browser)/./src/components/notifications/NotificationDropdown.jsx:115:13) @ webpack-internal:///(app-pages-browser)/./node_modules/next/dist/client/app-index.js:32
[13922947ms] [ERROR] Failed to load resource: net::ERR_CONNECTION_REFUSED @ http://localhost:3000/api/notifications/unread-count:0
[13922947ms] [ERROR] Error fetching unread count: TypeError: Failed to fetch
    at eval (webpack-internal:///(app-pages-browser)/./src/components/notifications/NotificationDropdown.jsx:46:36)
    at eval (webpack-internal:///(app-pages-browser)/./src/components/notifications/NotificationDropdown.jsx:115:13) @ webpack-internal:///(app-pages-browser)/./node_modules/next/dist/client/app-index.js:32
[13952932ms] [ERROR] Failed to load resource: net::ERR_CONNECTION_REFUSED @ http://localhost:3000/api/notifications/unread-count:0
[13952932ms] [ERROR] Error fetching unread count: TypeError: Failed to fetch
    at eval (webpack-internal:///(app-pages-browser)/./src/components/notifications/NotificationDropdown.jsx:46:36)
    at eval (webpack-internal:///(app-pages-browser)/./src/components/notifications/NotificationDropdown.jsx:115:13) @ webpack-internal:///(app-pages-browser)/./node_modules/next/dist/client/app-index.js:32
[13982962ms] [ERROR] Failed to load resource: net::ERR_CONNECTION_REFUSED @ http://localhost:3000/api/notifications/unread-count:0
[13982962ms] [ERROR] Error fetching unread count: TypeError: Failed to fetch
    at eval (webpack-internal:///(app-pages-browser)/./src/components/notifications/NotificationDropdown.jsx:46:36)
    at eval (webpack-internal:///(app-pages-browser)/./src/components/notifications/NotificationDropdown.jsx:115:13) @ webpack-internal:///(app-pages-browser)/./node_modules/next/dist/client/app-index.js:32
[14012953ms] [ERROR] Failed to load resource: net::ERR_CONNECTION_REFUSED @ http://localhost:3000/api/notifications/unread-count:0
[14012953ms] [ERROR] Error fetching unread count: TypeError: Failed to fetch
    at eval (webpack-internal:///(app-pages-browser)/./src/components/notifications/NotificationDropdown.jsx:46:36)
    at eval (webpack-internal:///(app-pages-browser)/./src/components/notifications/NotificationDropdown.jsx:115:13) @ webpack-internal:///(app-pages-browser)/./node_modules/next/dist/client/app-index.js:32
[14042938ms] [ERROR] Failed to load resource: net::ERR_CONNECTION_REFUSED @ http://localhost:3000/api/notifications/unread-count:0
[14042939ms] [ERROR] Error fetching unread count: TypeError: Failed to fetch
    at eval (webpack-internal:///(app-pages-browser)/./src/components/notifications/NotificationDropdown.jsx:46:36)
    at eval (webpack-internal:///(app-pages-browser)/./src/components/notifications/NotificationDropdown.jsx:115:13) @ webpack-internal:///(app-pages-browser)/./node_modules/next/dist/client/app-index.js:32
[14072955ms] [ERROR] Failed to load resource: net::ERR_CONNECTION_REFUSED @ http://localhost:3000/api/notifications/unread-count:0
[14072955ms] [ERROR] Error fetching unread count: TypeError: Failed to fetch
    at eval (webpack-internal:///(app-pages-browser)/./src/components/notifications/NotificationDropdown.jsx:46:36)
    at eval (webpack-internal:///(app-pages-browser)/./src/components/notifications/NotificationDropdown.jsx:115:13) @ webpack-internal:///(app-pages-browser)/./node_modules/next/dist/client/app-index.js:32
[14102952ms] [ERROR] Failed to load resource: net::ERR_CONNECTION_REFUSED @ http://localhost:3000/api/notifications/unread-count:0
[14102953ms] [ERROR] Error fetching unread count: TypeError: Failed to fetch
    at eval (webpack-internal:///(app-pages-browser)/./src/components/notifications/NotificationDropdown.jsx:46:36)
    at eval (webpack-internal:///(app-pages-browser)/./src/components/notifications/NotificationDropdown.jsx:115:13) @ webpack-internal:///(app-pages-browser)/./node_modules/next/dist/client/app-index.js:32
[14132942ms] [ERROR] Failed to load resource: net::ERR_CONNECTION_REFUSED @ http://localhost:3000/api/notifications/unread-count:0
[14132942ms] [ERROR] Error fetching unread count: TypeError: Failed to fetch
    at eval (webpack-internal:///(app-pages-browser)/./src/components/notifications/NotificationDropdown.jsx:46:36)
    at eval (webpack-internal:///(app-pages-browser)/./src/components/notifications/NotificationDropdown.jsx:115:13) @ webpack-internal:///(app-pages-browser)/./node_modules/next/dist/client/app-index.js:32
[14162945ms] [ERROR] Failed to load resource: net::ERR_CONNECTION_REFUSED @ http://localhost:3000/api/notifications/unread-count:0
[14162945ms] [ERROR] Error fetching unread count: TypeError: Failed to fetch
    at eval (webpack-internal:///(app-pages-browser)/./src/components/notifications/NotificationDropdown.jsx:46:36)
    at eval (webpack-internal:///(app-pages-browser)/./src/components/notifications/NotificationDropdown.jsx:115:13) @ webpack-internal:///(app-pages-browser)/./node_modules/next/dist/client/app-index.js:32
[14192944ms] [ERROR] Failed to load resource: net::ERR_CONNECTION_REFUSED @ http://localhost:3000/api/notifications/unread-count:0
[14192944ms] [ERROR] Error fetching unread count: TypeError: Failed to fetch
    at eval (webpack-internal:///(app-pages-browser)/./src/components/notifications/NotificationDropdown.jsx:46:36)
    at eval (webpack-internal:///(app-pages-browser)/./src/components/notifications/NotificationDropdown.jsx:115:13) @ webpack-internal:///(app-pages-browser)/./node_modules/next/dist/client/app-index.js:32
[14222946ms] [ERROR] Failed to load resource: net::ERR_CONNECTION_REFUSED @ http://localhost:3000/api/notifications/unread-count:0
[14222946ms] [ERROR] Error fetching unread count: TypeError: Failed to fetch
    at eval (webpack-internal:///(app-pages-browser)/./src/components/notifications/NotificationDropdown.jsx:46:36)
    at eval (webpack-internal:///(app-pages-browser)/./src/components/notifications/NotificationDropdown.jsx:115:13) @ webpack-internal:///(app-pages-browser)/./node_modules/next/dist/client/app-index.js:32
[14252963ms] [ERROR] Failed to load resource: net::ERR_CONNECTION_REFUSED @ http://localhost:3000/api/notifications/unread-count:0
[14252963ms] [ERROR] Error fetching unread count: TypeError: Failed to fetch
    at eval (webpack-internal:///(app-pages-browser)/./src/components/notifications/NotificationDropdown.jsx:46:36)
    at eval (webpack-internal:///(app-pages-browser)/./src/components/notifications/NotificationDropdown.jsx:115:13) @ webpack-internal:///(app-pages-browser)/./node_modules/next/dist/client/app-index.js:32
[14282948ms] [ERROR] Failed to load resource: net::ERR_CONNECTION_REFUSED @ http://localhost:3000/api/notifications/unread-count:0
[14282948ms] [ERROR] Error fetching unread count: TypeError: Failed to fetch
    at eval (webpack-internal:///(app-pages-browser)/./src/components/notifications/NotificationDropdown.jsx:46:36)
    at eval (webpack-internal:///(app-pages-browser)/./src/components/notifications/NotificationDropdown.jsx:115:13) @ webpack-internal:///(app-pages-browser)/./node_modules/next/dist/client/app-index.js:32
[14312947ms] [ERROR] Failed to load resource: net::ERR_CONNECTION_REFUSED @ http://localhost:3000/api/notifications/unread-count:0
[14312947ms] [ERROR] Error fetching unread count: TypeError: Failed to fetch
    at eval (webpack-internal:///(app-pages-browser)/./src/components/notifications/NotificationDropdown.jsx:46:36)
    at eval (webpack-internal:///(app-pages-browser)/./src/components/notifications/NotificationDropdown.jsx:115:13) @ webpack-internal:///(app-pages-browser)/./node_modules/next/dist/client/app-index.js:32
[14342965ms] [ERROR] Failed to load resource: net::ERR_CONNECTION_REFUSED @ http://localhost:3000/api/notifications/unread-count:0
[14342965ms] [ERROR] Error fetching unread count: TypeError: Failed to fetch
    at eval (webpack-internal:///(app-pages-browser)/./src/components/notifications/NotificationDropdown.jsx:46:36)
    at eval (webpack-internal:///(app-pages-browser)/./src/components/notifications/NotificationDropdown.jsx:115:13) @ webpack-internal:///(app-pages-browser)/./node_modules/next/dist/client/app-index.js:32
[14372951ms] [ERROR] Failed to load resource: net::ERR_CONNECTION_REFUSED @ http://localhost:3000/api/notifications/unread-count:0
[14372951ms] [ERROR] Error fetching unread count: TypeError: Failed to fetch
    at eval (webpack-internal:///(app-pages-browser)/./src/components/notifications/NotificationDropdown.jsx:46:36)
    at eval (webpack-internal:///(app-pages-browser)/./src/components/notifications/NotificationDropdown.jsx:115:13) @ webpack-internal:///(app-pages-browser)/./node_modules/next/dist/client/app-index.js:32
[14402960ms] [ERROR] Failed to load resource: net::ERR_CONNECTION_REFUSED @ http://localhost:3000/api/notifications/unread-count:0
[14402960ms] [ERROR] Error fetching unread count: TypeError: Failed to fetch
    at eval (webpack-internal:///(app-pages-browser)/./src/components/notifications/NotificationDropdown.jsx:46:36)
    at eval (webpack-internal:///(app-pages-browser)/./src/components/notifications/NotificationDropdown.jsx:115:13) @ webpack-internal:///(app-pages-browser)/./node_modules/next/dist/client/app-index.js:32
[14432925ms] [ERROR] Failed to load resource: net::ERR_CONNECTION_REFUSED @ http://localhost:3000/api/notifications/unread-count:0
[14432925ms] [ERROR] Error fetching unread count: TypeError: Failed to fetch
    at eval (webpack-internal:///(app-pages-browser)/./src/components/notifications/NotificationDropdown.jsx:46:36)
    at eval (webpack-internal:///(app-pages-browser)/./src/components/notifications/NotificationDropdown.jsx:115:13) @ webpack-internal:///(app-pages-browser)/./node_modules/next/dist/client/app-index.js:32
[14462951ms] [ERROR] Failed to load resource: net::ERR_CONNECTION_REFUSED @ http://localhost:3000/api/notifications/unread-count:0
[14462952ms] [ERROR] Error fetching unread count: TypeError: Failed to fetch
    at eval (webpack-internal:///(app-pages-browser)/./src/components/notifications/NotificationDropdown.jsx:46:36)
    at eval (webpack-internal:///(app-pages-browser)/./src/components/notifications/NotificationDropdown.jsx:115:13) @ webpack-internal:///(app-pages-browser)/./node_modules/next/dist/client/app-index.js:32
[14492965ms] [ERROR] Failed to load resource: net::ERR_CONNECTION_REFUSED @ http://localhost:3000/api/notifications/unread-count:0
[14492965ms] [ERROR] Error fetching unread count: TypeError: Failed to fetch
    at eval (webpack-internal:///(app-pages-browser)/./src/components/notifications/NotificationDropdown.jsx:46:36)
    at eval (webpack-internal:///(app-pages-browser)/./src/components/notifications/NotificationDropdown.jsx:115:13) @ webpack-internal:///(app-pages-browser)/./node_modules/next/dist/client/app-index.js:32
[14522936ms] [ERROR] Failed to load resource: net::ERR_CONNECTION_REFUSED @ http://localhost:3000/api/notifications/unread-count:0
[14522937ms] [ERROR] Error fetching unread count: TypeError: Failed to fetch
    at eval (webpack-internal:///(app-pages-browser)/./src/components/notifications/NotificationDropdown.jsx:46:36)
    at eval (webpack-internal:///(app-pages-browser)/./src/components/notifications/NotificationDropdown.jsx:115:13) @ webpack-internal:///(app-pages-browser)/./node_modules/next/dist/client/app-index.js:32
[14552937ms] [ERROR] Failed to load resource: net::ERR_CONNECTION_REFUSED @ http://localhost:3000/api/notifications/unread-count:0
[14552937ms] [ERROR] Error fetching unread count: TypeError: Failed to fetch
    at eval (webpack-internal:///(app-pages-browser)/./src/components/notifications/NotificationDropdown.jsx:46:36)
    at eval (webpack-internal:///(app-pages-browser)/./src/components/notifications/NotificationDropdown.jsx:115:13) @ webpack-internal:///(app-pages-browser)/./node_modules/next/dist/client/app-index.js:32
[14582956ms] [ERROR] Failed to load resource: net::ERR_CONNECTION_REFUSED @ http://localhost:3000/api/notifications/unread-count:0
[14582956ms] [ERROR] Error fetching unread count: TypeError: Failed to fetch
    at eval (webpack-internal:///(app-pages-browser)/./src/components/notifications/NotificationDropdown.jsx:46:36)
    at eval (webpack-internal:///(app-pages-browser)/./src/components/notifications/NotificationDropdown.jsx:115:13) @ webpack-internal:///(app-pages-browser)/./node_modules/next/dist/client/app-index.js:32
[14612959ms] [ERROR] Failed to load resource: net::ERR_CONNECTION_REFUSED @ http://localhost:3000/api/notifications/unread-count:0
[14612959ms] [ERROR] Error fetching unread count: TypeError: Failed to fetch
    at eval (webpack-internal:///(app-pages-browser)/./src/components/notifications/NotificationDropdown.jsx:46:36)
    at eval (webpack-internal:///(app-pages-browser)/./src/components/notifications/NotificationDropdown.jsx:115:13) @ webpack-internal:///(app-pages-browser)/./node_modules/next/dist/client/app-index.js:32
[14642942ms] [ERROR] Failed to load resource: net::ERR_CONNECTION_REFUSED @ http://localhost:3000/api/notifications/unread-count:0
[14642942ms] [ERROR] Error fetching unread count: TypeError: Failed to fetch
    at eval (webpack-internal:///(app-pages-browser)/./src/components/notifications/NotificationDropdown.jsx:46:36)
    at eval (webpack-internal:///(app-pages-browser)/./src/components/notifications/NotificationDropdown.jsx:115:13) @ webpack-internal:///(app-pages-browser)/./node_modules/next/dist/client/app-index.js:32
[14672943ms] [ERROR] Failed to load resource: net::ERR_CONNECTION_REFUSED @ http://localhost:3000/api/notifications/unread-count:0
[14672943ms] [ERROR] Error fetching unread count: TypeError: Failed to fetch
    at eval (webpack-internal:///(app-pages-browser)/./src/components/notifications/NotificationDropdown.jsx:46:36)
    at eval (webpack-internal:///(app-pages-browser)/./src/components/notifications/NotificationDropdown.jsx:115:13) @ webpack-internal:///(app-pages-browser)/./node_modules/next/dist/client/app-index.js:32
[14702960ms] [ERROR] Failed to load resource: net::ERR_CONNECTION_REFUSED @ http://localhost:3000/api/notifications/unread-count:0
[14702960ms] [ERROR] Error fetching unread count: TypeError: Failed to fetch
    at eval (webpack-internal:///(app-pages-browser)/./src/components/notifications/NotificationDropdown.jsx:46:36)
    at eval (webpack-internal:///(app-pages-browser)/./src/components/notifications/NotificationDropdown.jsx:115:13) @ webpack-internal:///(app-pages-browser)/./node_modules/next/dist/client/app-index.js:32
[14732946ms] [ERROR] Failed to load resource: net::ERR_CONNECTION_REFUSED @ http://localhost:3000/api/notifications/unread-count:0
[14732946ms] [ERROR] Error fetching unread count: TypeError: Failed to fetch
    at eval (webpack-internal:///(app-pages-browser)/./src/components/notifications/NotificationDropdown.jsx:46:36)
    at eval (webpack-internal:///(app-pages-browser)/./src/components/notifications/NotificationDropdown.jsx:115:13) @ webpack-internal:///(app-pages-browser)/./node_modules/next/dist/client/app-index.js:32
[14762946ms] [ERROR] Failed to load resource: net::ERR_CONNECTION_REFUSED @ http://localhost:3000/api/notifications/unread-count:0
[14762946ms] [ERROR] Error fetching unread count: TypeError: Failed to fetch
    at eval (webpack-internal:///(app-pages-browser)/./src/components/notifications/NotificationDropdown.jsx:46:36)
    at eval (webpack-internal:///(app-pages-browser)/./src/components/notifications/NotificationDropdown.jsx:115:13) @ webpack-internal:///(app-pages-browser)/./node_modules/next/dist/client/app-index.js:32
[14792929ms] [ERROR] Failed to load resource: net::ERR_CONNECTION_REFUSED @ http://localhost:3000/api/notifications/unread-count:0
[14792929ms] [ERROR] Error fetching unread count: TypeError: Failed to fetch
    at eval (webpack-internal:///(app-pages-browser)/./src/components/notifications/NotificationDropdown.jsx:46:36)
    at eval (webpack-internal:///(app-pages-browser)/./src/components/notifications/NotificationDropdown.jsx:115:13) @ webpack-internal:///(app-pages-browser)/./node_modules/next/dist/client/app-index.js:32
[14822945ms] [ERROR] Failed to load resource: net::ERR_CONNECTION_REFUSED @ http://localhost:3000/api/notifications/unread-count:0
[14822945ms] [ERROR] Error fetching unread count: TypeError: Failed to fetch
    at eval (webpack-internal:///(app-pages-browser)/./src/components/notifications/NotificationDropdown.jsx:46:36)
    at eval (webpack-internal:///(app-pages-browser)/./src/components/notifications/NotificationDropdown.jsx:115:13) @ webpack-internal:///(app-pages-browser)/./node_modules/next/dist/client/app-index.js:32
[14852947ms] [ERROR] Failed to load resource: net::ERR_CONNECTION_REFUSED @ http://localhost:3000/api/notifications/unread-count:0
[14852947ms] [ERROR] Error fetching unread count: TypeError: Failed to fetch
    at eval (webpack-internal:///(app-pages-browser)/./src/components/notifications/NotificationDropdown.jsx:46:36)
    at eval (webpack-internal:///(app-pages-browser)/./src/components/notifications/NotificationDropdown.jsx:115:13) @ webpack-internal:///(app-pages-browser)/./node_modules/next/dist/client/app-index.js:32
[14882947ms] [ERROR] Failed to load resource: net::ERR_CONNECTION_REFUSED @ http://localhost:3000/api/notifications/unread-count:0
[14882947ms] [ERROR] Error fetching unread count: TypeError: Failed to fetch
    at eval (webpack-internal:///(app-pages-browser)/./src/components/notifications/NotificationDropdown.jsx:46:36)
    at eval (webpack-internal:///(app-pages-browser)/./src/components/notifications/NotificationDropdown.jsx:115:13) @ webpack-internal:///(app-pages-browser)/./node_modules/next/dist/client/app-index.js:32
[14912946ms] [ERROR] Failed to load resource: net::ERR_CONNECTION_REFUSED @ http://localhost:3000/api/notifications/unread-count:0
[14912946ms] [ERROR] Error fetching unread count: TypeError: Failed to fetch
    at eval (webpack-internal:///(app-pages-browser)/./src/components/notifications/NotificationDropdown.jsx:46:36)
    at eval (webpack-internal:///(app-pages-browser)/./src/components/notifications/NotificationDropdown.jsx:115:13) @ webpack-internal:///(app-pages-browser)/./node_modules/next/dist/client/app-index.js:32
[14942945ms] [ERROR] Failed to load resource: net::ERR_CONNECTION_REFUSED @ http://localhost:3000/api/notifications/unread-count:0
[14942945ms] [ERROR] Error fetching unread count: TypeError: Failed to fetch
    at eval (webpack-internal:///(app-pages-browser)/./src/components/notifications/NotificationDropdown.jsx:46:36)
    at eval (webpack-internal:///(app-pages-browser)/./src/components/notifications/NotificationDropdown.jsx:115:13) @ webpack-internal:///(app-pages-browser)/./node_modules/next/dist/client/app-index.js:32
[14972947ms] [ERROR] Failed to load resource: net::ERR_CONNECTION_REFUSED @ http://localhost:3000/api/notifications/unread-count:0
[14972947ms] [ERROR] Error fetching unread count: TypeError: Failed to fetch
    at eval (webpack-internal:///(app-pages-browser)/./src/components/notifications/NotificationDropdown.jsx:46:36)
    at eval (webpack-internal:///(app-pages-browser)/./src/components/notifications/NotificationDropdown.jsx:115:13) @ webpack-internal:///(app-pages-browser)/./node_modules/next/dist/client/app-index.js:32
[15002968ms] [ERROR] Failed to load resource: net::ERR_CONNECTION_REFUSED @ http://localhost:3000/api/notifications/unread-count:0
[15002968ms] [ERROR] Error fetching unread count: TypeError: Failed to fetch
    at eval (webpack-internal:///(app-pages-browser)/./src/components/notifications/NotificationDropdown.jsx:46:36)
    at eval (webpack-internal:///(app-pages-browser)/./src/components/notifications/NotificationDropdown.jsx:115:13) @ webpack-internal:///(app-pages-browser)/./node_modules/next/dist/client/app-index.js:32
[15032966ms] [ERROR] Failed to load resource: net::ERR_CONNECTION_REFUSED @ http://localhost:3000/api/notifications/unread-count:0
[15032967ms] [ERROR] Error fetching unread count: TypeError: Failed to fetch
    at eval (webpack-internal:///(app-pages-browser)/./src/components/notifications/NotificationDropdown.jsx:46:36)
    at eval (webpack-internal:///(app-pages-browser)/./src/components/notifications/NotificationDropdown.jsx:115:13) @ webpack-internal:///(app-pages-browser)/./node_modules/next/dist/client/app-index.js:32
[15062937ms] [ERROR] Failed to load resource: net::ERR_CONNECTION_REFUSED @ http://localhost:3000/api/notifications/unread-count:0
[15062937ms] [ERROR] Error fetching unread count: TypeError: Failed to fetch
    at eval (webpack-internal:///(app-pages-browser)/./src/components/notifications/NotificationDropdown.jsx:46:36)
    at eval (webpack-internal:///(app-pages-browser)/./src/components/notifications/NotificationDropdown.jsx:115:13) @ webpack-internal:///(app-pages-browser)/./node_modules/next/dist/client/app-index.js:32
[15092935ms] [ERROR] Failed to load resource: net::ERR_CONNECTION_REFUSED @ http://localhost:3000/api/notifications/unread-count:0
[15092936ms] [ERROR] Error fetching unread count: TypeError: Failed to fetch
    at eval (webpack-internal:///(app-pages-browser)/./src/components/notifications/NotificationDropdown.jsx:46:36)
    at eval (webpack-internal:///(app-pages-browser)/./src/components/notifications/NotificationDropdown.jsx:115:13) @ webpack-internal:///(app-pages-browser)/./node_modules/next/dist/client/app-index.js:32
[15122941ms] [ERROR] Failed to load resource: net::ERR_CONNECTION_REFUSED @ http://localhost:3000/api/notifications/unread-count:0
[15122941ms] [ERROR] Error fetching unread count: TypeError: Failed to fetch
    at eval (webpack-internal:///(app-pages-browser)/./src/components/notifications/NotificationDropdown.jsx:46:36)
    at eval (webpack-internal:///(app-pages-browser)/./src/components/notifications/NotificationDropdown.jsx:115:13) @ webpack-internal:///(app-pages-browser)/./node_modules/next/dist/client/app-index.js:32
[15152942ms] [ERROR] Failed to load resource: net::ERR_CONNECTION_REFUSED @ http://localhost:3000/api/notifications/unread-count:0
[15152942ms] [ERROR] Error fetching unread count: TypeError: Failed to fetch
    at eval (webpack-internal:///(app-pages-browser)/./src/components/notifications/NotificationDropdown.jsx:46:36)
    at eval (webpack-internal:///(app-pages-browser)/./src/components/notifications/NotificationDropdown.jsx:115:13) @ webpack-internal:///(app-pages-browser)/./node_modules/next/dist/client/app-index.js:32
[15182944ms] [ERROR] Failed to load resource: net::ERR_CONNECTION_REFUSED @ http://localhost:3000/api/notifications/unread-count:0
[15182945ms] [ERROR] Error fetching unread count: TypeError: Failed to fetch
    at eval (webpack-internal:///(app-pages-browser)/./src/components/notifications/NotificationDropdown.jsx:46:36)
    at eval (webpack-internal:///(app-pages-browser)/./src/components/notifications/NotificationDropdown.jsx:115:13) @ webpack-internal:///(app-pages-browser)/./node_modules/next/dist/client/app-index.js:32
[15212964ms] [ERROR] Failed to load resource: net::ERR_CONNECTION_REFUSED @ http://localhost:3000/api/notifications/unread-count:0
[15212964ms] [ERROR] Error fetching unread count: TypeError: Failed to fetch
    at eval (webpack-internal:///(app-pages-browser)/./src/components/notifications/NotificationDropdown.jsx:46:36)
    at eval (webpack-internal:///(app-pages-browser)/./src/components/notifications/NotificationDropdown.jsx:115:13) @ webpack-internal:///(app-pages-browser)/./node_modules/next/dist/client/app-index.js:32
[15242949ms] [ERROR] Failed to load resource: net::ERR_CONNECTION_REFUSED @ http://localhost:3000/api/notifications/unread-count:0
[15242949ms] [ERROR] Error fetching unread count: TypeError: Failed to fetch
    at eval (webpack-internal:///(app-pages-browser)/./src/components/notifications/NotificationDropdown.jsx:46:36)
    at eval (webpack-internal:///(app-pages-browser)/./src/components/notifications/NotificationDropdown.jsx:115:13) @ webpack-internal:///(app-pages-browser)/./node_modules/next/dist/client/app-index.js:32
[15272953ms] [ERROR] Failed to load resource: net::ERR_CONNECTION_REFUSED @ http://localhost:3000/api/notifications/unread-count:0
[15272953ms] [ERROR] Error fetching unread count: TypeError: Failed to fetch
    at eval (webpack-internal:///(app-pages-browser)/./src/components/notifications/NotificationDropdown.jsx:46:36)
    at eval (webpack-internal:///(app-pages-browser)/./src/components/notifications/NotificationDropdown.jsx:115:13) @ webpack-internal:///(app-pages-browser)/./node_modules/next/dist/client/app-index.js:32
[15302938ms] [ERROR] Failed to load resource: net::ERR_CONNECTION_REFUSED @ http://localhost:3000/api/notifications/unread-count:0
[15302938ms] [ERROR] Error fetching unread count: TypeError: Failed to fetch
    at eval (webpack-internal:///(app-pages-browser)/./src/components/notifications/NotificationDropdown.jsx:46:36)
    at eval (webpack-internal:///(app-pages-browser)/./src/components/notifications/NotificationDropdown.jsx:115:13) @ webpack-internal:///(app-pages-browser)/./node_modules/next/dist/client/app-index.js:32
[15332939ms] [ERROR] Failed to load resource: net::ERR_CONNECTION_REFUSED @ http://localhost:3000/api/notifications/unread-count:0
[15332939ms] [ERROR] Error fetching unread count: TypeError: Failed to fetch
    at eval (webpack-internal:///(app-pages-browser)/./src/components/notifications/NotificationDropdown.jsx:46:36)
    at eval (webpack-internal:///(app-pages-browser)/./src/components/notifications/NotificationDropdown.jsx:115:13) @ webpack-internal:///(app-pages-browser)/./node_modules/next/dist/client/app-index.js:32
[15362925ms] [ERROR] Failed to load resource: net::ERR_CONNECTION_REFUSED @ http://localhost:3000/api/notifications/unread-count:0
[15362925ms] [ERROR] Error fetching unread count: TypeError: Failed to fetch
    at eval (webpack-internal:///(app-pages-browser)/./src/components/notifications/NotificationDropdown.jsx:46:36)
    at eval (webpack-internal:///(app-pages-browser)/./src/components/notifications/NotificationDropdown.jsx:115:13) @ webpack-internal:///(app-pages-browser)/./node_modules/next/dist/client/app-index.js:32
[15392929ms] [ERROR] Failed to load resource: net::ERR_CONNECTION_REFUSED @ http://localhost:3000/api/notifications/unread-count:0
[15392929ms] [ERROR] Error fetching unread count: TypeError: Failed to fetch
    at eval (webpack-internal:///(app-pages-browser)/./src/components/notifications/NotificationDropdown.jsx:46:36)
    at eval (webpack-internal:///(app-pages-browser)/./src/components/notifications/NotificationDropdown.jsx:115:13) @ webpack-internal:///(app-pages-browser)/./node_modules/next/dist/client/app-index.js:32
[15422931ms] [ERROR] Failed to load resource: net::ERR_CONNECTION_REFUSED @ http://localhost:3000/api/notifications/unread-count:0
[15422932ms] [ERROR] Error fetching unread count: TypeError: Failed to fetch
    at eval (webpack-internal:///(app-pages-browser)/./src/components/notifications/NotificationDropdown.jsx:46:36)
    at eval (webpack-internal:///(app-pages-browser)/./src/components/notifications/NotificationDropdown.jsx:115:13) @ webpack-internal:///(app-pages-browser)/./node_modules/next/dist/client/app-index.js:32
[15452933ms] [ERROR] Failed to load resource: net::ERR_CONNECTION_REFUSED @ http://localhost:3000/api/notifications/unread-count:0
[15452933ms] [ERROR] Error fetching unread count: TypeError: Failed to fetch
    at eval (webpack-internal:///(app-pages-browser)/./src/components/notifications/NotificationDropdown.jsx:46:36)
    at eval (webpack-internal:///(app-pages-browser)/./src/components/notifications/NotificationDropdown.jsx:115:13) @ webpack-internal:///(app-pages-browser)/./node_modules/next/dist/client/app-index.js:32
[15482969ms] [ERROR] Failed to load resource: net::ERR_CONNECTION_REFUSED @ http://localhost:3000/api/notifications/unread-count:0
[15482969ms] [ERROR] Error fetching unread count: TypeError: Failed to fetch
    at eval (webpack-internal:///(app-pages-browser)/./src/components/notifications/NotificationDropdown.jsx:46:36)
    at eval (webpack-internal:///(app-pages-browser)/./src/components/notifications/NotificationDropdown.jsx:115:13) @ webpack-internal:///(app-pages-browser)/./node_modules/next/dist/client/app-index.js:32
[15512936ms] [ERROR] Failed to load resource: net::ERR_CONNECTION_REFUSED @ http://localhost:3000/api/notifications/unread-count:0
[15512936ms] [ERROR] Error fetching unread count: TypeError: Failed to fetch
    at eval (webpack-internal:///(app-pages-browser)/./src/components/notifications/NotificationDropdown.jsx:46:36)
    at eval (webpack-internal:///(app-pages-browser)/./src/components/notifications/NotificationDropdown.jsx:115:13) @ webpack-internal:///(app-pages-browser)/./node_modules/next/dist/client/app-index.js:32
[15542938ms] [ERROR] Failed to load resource: net::ERR_CONNECTION_REFUSED @ http://localhost:3000/api/notifications/unread-count:0
[15542938ms] [ERROR] Error fetching unread count: TypeError: Failed to fetch
    at eval (webpack-internal:///(app-pages-browser)/./src/components/notifications/NotificationDropdown.jsx:46:36)
    at eval (webpack-internal:///(app-pages-browser)/./src/components/notifications/NotificationDropdown.jsx:115:13) @ webpack-internal:///(app-pages-browser)/./node_modules/next/dist/client/app-index.js:32
[15572924ms] [ERROR] Failed to load resource: net::ERR_CONNECTION_REFUSED @ http://localhost:3000/api/notifications/unread-count:0
[15572925ms] [ERROR] Error fetching unread count: TypeError: Failed to fetch
    at eval (webpack-internal:///(app-pages-browser)/./src/components/notifications/NotificationDropdown.jsx:46:36)
    at eval (webpack-internal:///(app-pages-browser)/./src/components/notifications/NotificationDropdown.jsx:115:13) @ webpack-internal:///(app-pages-browser)/./node_modules/next/dist/client/app-index.js:32
[15602940ms] [ERROR] Failed to load resource: net::ERR_CONNECTION_REFUSED @ http://localhost:3000/api/notifications/unread-count:0
[15602940ms] [ERROR] Error fetching unread count: TypeError: Failed to fetch
    at eval (webpack-internal:///(app-pages-browser)/./src/components/notifications/NotificationDropdown.jsx:46:36)
    at eval (webpack-internal:///(app-pages-browser)/./src/components/notifications/NotificationDropdown.jsx:115:13) @ webpack-internal:///(app-pages-browser)/./node_modules/next/dist/client/app-index.js:32
[15632924ms] [ERROR] Failed to load resource: net::ERR_CONNECTION_REFUSED @ http://localhost:3000/api/notifications/unread-count:0
[15632924ms] [ERROR] Error fetching unread count: TypeError: Failed to fetch
    at eval (webpack-internal:///(app-pages-browser)/./src/components/notifications/NotificationDropdown.jsx:46:36)
    at eval (webpack-internal:///(app-pages-browser)/./src/components/notifications/NotificationDropdown.jsx:115:13) @ webpack-internal:///(app-pages-browser)/./node_modules/next/dist/client/app-index.js:32
[15662925ms] [ERROR] Failed to load resource: net::ERR_CONNECTION_REFUSED @ http://localhost:3000/api/notifications/unread-count:0
[15662925ms] [ERROR] Error fetching unread count: TypeError: Failed to fetch
    at eval (webpack-internal:///(app-pages-browser)/./src/components/notifications/NotificationDropdown.jsx:46:36)
    at eval (webpack-internal:///(app-pages-browser)/./src/components/notifications/NotificationDropdown.jsx:115:13) @ webpack-internal:///(app-pages-browser)/./node_modules/next/dist/client/app-index.js:32
[15692967ms] [ERROR] Failed to load resource: net::ERR_CONNECTION_REFUSED @ http://localhost:3000/api/notifications/unread-count:0
[15692967ms] [ERROR] Error fetching unread count: TypeError: Failed to fetch
    at eval (webpack-internal:///(app-pages-browser)/./src/components/notifications/NotificationDropdown.jsx:46:36)
    at eval (webpack-internal:///(app-pages-browser)/./src/components/notifications/NotificationDropdown.jsx:115:13) @ webpack-internal:///(app-pages-browser)/./node_modules/next/dist/client/app-index.js:32
[15722927ms] [ERROR] Failed to load resource: net::ERR_CONNECTION_REFUSED @ http://localhost:3000/api/notifications/unread-count:0
[15722927ms] [ERROR] Error fetching unread count: TypeError: Failed to fetch
    at eval (webpack-internal:///(app-pages-browser)/./src/components/notifications/NotificationDropdown.jsx:46:36)
    at eval (webpack-internal:///(app-pages-browser)/./src/components/notifications/NotificationDropdown.jsx:115:13) @ webpack-internal:///(app-pages-browser)/./node_modules/next/dist/client/app-index.js:32
[15752943ms] [ERROR] Failed to load resource: net::ERR_CONNECTION_REFUSED @ http://localhost:3000/api/notifications/unread-count:0
[15752943ms] [ERROR] Error fetching unread count: TypeError: Failed to fetch
    at eval (webpack-internal:///(app-pages-browser)/./src/components/notifications/NotificationDropdown.jsx:46:36)
    at eval (webpack-internal:///(app-pages-browser)/./src/components/notifications/NotificationDropdown.jsx:115:13) @ webpack-internal:///(app-pages-browser)/./node_modules/next/dist/client/app-index.js:32
[15782948ms] [ERROR] Failed to load resource: net::ERR_CONNECTION_REFUSED @ http://localhost:3000/api/notifications/unread-count:0
[15782948ms] [ERROR] Error fetching unread count: TypeError: Failed to fetch
    at eval (webpack-internal:///(app-pages-browser)/./src/components/notifications/NotificationDropdown.jsx:46:36)
    at eval (webpack-internal:///(app-pages-browser)/./src/components/notifications/NotificationDropdown.jsx:115:13) @ webpack-internal:///(app-pages-browser)/./node_modules/next/dist/client/app-index.js:32
[15812935ms] [ERROR] Failed to load resource: net::ERR_CONNECTION_REFUSED @ http://localhost:3000/api/notifications/unread-count:0
[15812935ms] [ERROR] Error fetching unread count: TypeError: Failed to fetch
    at eval (webpack-internal:///(app-pages-browser)/./src/components/notifications/NotificationDropdown.jsx:46:36)
    at eval (webpack-internal:///(app-pages-browser)/./src/components/notifications/NotificationDropdown.jsx:115:13) @ webpack-internal:///(app-pages-browser)/./node_modules/next/dist/client/app-index.js:32
[15842934ms] [ERROR] Failed to load resource: net::ERR_CONNECTION_REFUSED @ http://localhost:3000/api/notifications/unread-count:0
[15842935ms] [ERROR] Error fetching unread count: TypeError: Failed to fetch
    at eval (webpack-internal:///(app-pages-browser)/./src/components/notifications/NotificationDropdown.jsx:46:36)
    at eval (webpack-internal:///(app-pages-browser)/./src/components/notifications/NotificationDropdown.jsx:115:13) @ webpack-internal:///(app-pages-browser)/./node_modules/next/dist/client/app-index.js:32
[15872954ms] [ERROR] Failed to load resource: net::ERR_CONNECTION_REFUSED @ http://localhost:3000/api/notifications/unread-count:0
[15872954ms] [ERROR] Error fetching unread count: TypeError: Failed to fetch
    at eval (webpack-internal:///(app-pages-browser)/./src/components/notifications/NotificationDropdown.jsx:46:36)
    at eval (webpack-internal:///(app-pages-browser)/./src/components/notifications/NotificationDropdown.jsx:115:13) @ webpack-internal:///(app-pages-browser)/./node_modules/next/dist/client/app-index.js:32
[15902935ms] [ERROR] Failed to load resource: net::ERR_CONNECTION_REFUSED @ http://localhost:3000/api/notifications/unread-count:0
[15902935ms] [ERROR] Error fetching unread count: TypeError: Failed to fetch
    at eval (webpack-internal:///(app-pages-browser)/./src/components/notifications/NotificationDropdown.jsx:46:36)
    at eval (webpack-internal:///(app-pages-browser)/./src/components/notifications/NotificationDropdown.jsx:115:13) @ webpack-internal:///(app-pages-browser)/./node_modules/next/dist/client/app-index.js:32
[15932953ms] [ERROR] Failed to load resource: net::ERR_CONNECTION_REFUSED @ http://localhost:3000/api/notifications/unread-count:0
[15932953ms] [ERROR] Error fetching unread count: TypeError: Failed to fetch
    at eval (webpack-internal:///(app-pages-browser)/./src/components/notifications/NotificationDropdown.jsx:46:36)
    at eval (webpack-internal:///(app-pages-browser)/./src/components/notifications/NotificationDropdown.jsx:115:13) @ webpack-internal:///(app-pages-browser)/./node_modules/next/dist/client/app-index.js:32
[15962957ms] [ERROR] Failed to load resource: net::ERR_CONNECTION_REFUSED @ http://localhost:3000/api/notifications/unread-count:0
[15962957ms] [ERROR] Error fetching unread count: TypeError: Failed to fetch
    at eval (webpack-internal:///(app-pages-browser)/./src/components/notifications/NotificationDropdown.jsx:46:36)
    at eval (webpack-internal:///(app-pages-browser)/./src/components/notifications/NotificationDropdown.jsx:115:13) @ webpack-internal:///(app-pages-browser)/./node_modules/next/dist/client/app-index.js:32
[15992926ms] [ERROR] Failed to load resource: net::ERR_CONNECTION_REFUSED @ http://localhost:3000/api/notifications/unread-count:0
[15992927ms] [ERROR] Error fetching unread count: TypeError: Failed to fetch
    at eval (webpack-internal:///(app-pages-browser)/./src/components/notifications/NotificationDropdown.jsx:46:36)
    at eval (webpack-internal:///(app-pages-browser)/./src/components/notifications/NotificationDropdown.jsx:115:13) @ webpack-internal:///(app-pages-browser)/./node_modules/next/dist/client/app-index.js:32
[16022946ms] [ERROR] Failed to load resource: net::ERR_CONNECTION_REFUSED @ http://localhost:3000/api/notifications/unread-count:0
[16022946ms] [ERROR] Error fetching unread count: TypeError: Failed to fetch
    at eval (webpack-internal:///(app-pages-browser)/./src/components/notifications/NotificationDropdown.jsx:46:36)
    at eval (webpack-internal:///(app-pages-browser)/./src/components/notifications/NotificationDropdown.jsx:115:13) @ webpack-internal:///(app-pages-browser)/./node_modules/next/dist/client/app-index.js:32
[16052931ms] [ERROR] Failed to load resource: net::ERR_CONNECTION_REFUSED @ http://localhost:3000/api/notifications/unread-count:0
[16052931ms] [ERROR] Error fetching unread count: TypeError: Failed to fetch
    at eval (webpack-internal:///(app-pages-browser)/./src/components/notifications/NotificationDropdown.jsx:46:36)
    at eval (webpack-internal:///(app-pages-browser)/./src/components/notifications/NotificationDropdown.jsx:115:13) @ webpack-internal:///(app-pages-browser)/./node_modules/next/dist/client/app-index.js:32
[16082947ms] [ERROR] Failed to load resource: net::ERR_CONNECTION_REFUSED @ http://localhost:3000/api/notifications/unread-count:0
[16082947ms] [ERROR] Error fetching unread count: TypeError: Failed to fetch
    at eval (webpack-internal:///(app-pages-browser)/./src/components/notifications/NotificationDropdown.jsx:46:36)
    at eval (webpack-internal:///(app-pages-browser)/./src/components/notifications/NotificationDropdown.jsx:115:13) @ webpack-internal:///(app-pages-browser)/./node_modules/next/dist/client/app-index.js:32
[16112948ms] [ERROR] Failed to load resource: net::ERR_CONNECTION_REFUSED @ http://localhost:3000/api/notifications/unread-count:0
[16112948ms] [ERROR] Error fetching unread count: TypeError: Failed to fetch
    at eval (webpack-internal:///(app-pages-browser)/./src/components/notifications/NotificationDropdown.jsx:46:36)
    at eval (webpack-internal:///(app-pages-browser)/./src/components/notifications/NotificationDropdown.jsx:115:13) @ webpack-internal:///(app-pages-browser)/./node_modules/next/dist/client/app-index.js:32
[16142964ms] [ERROR] Failed to load resource: net::ERR_CONNECTION_REFUSED @ http://localhost:3000/api/notifications/unread-count:0
[16142964ms] [ERROR] Error fetching unread count: TypeError: Failed to fetch
    at eval (webpack-internal:///(app-pages-browser)/./src/components/notifications/NotificationDropdown.jsx:46:36)
    at eval (webpack-internal:///(app-pages-browser)/./src/components/notifications/NotificationDropdown.jsx:115:13) @ webpack-internal:///(app-pages-browser)/./node_modules/next/dist/client/app-index.js:32
[16172952ms] [ERROR] Failed to load resource: net::ERR_CONNECTION_REFUSED @ http://localhost:3000/api/notifications/unread-count:0
[16172952ms] [ERROR] Error fetching unread count: TypeError: Failed to fetch
    at eval (webpack-internal:///(app-pages-browser)/./src/components/notifications/NotificationDropdown.jsx:46:36)
    at eval (webpack-internal:///(app-pages-browser)/./src/components/notifications/NotificationDropdown.jsx:115:13) @ webpack-internal:///(app-pages-browser)/./node_modules/next/dist/client/app-index.js:32
[16202939ms] [ERROR] Failed to load resource: net::ERR_CONNECTION_REFUSED @ http://localhost:3000/api/notifications/unread-count:0
[16202939ms] [ERROR] Error fetching unread count: TypeError: Failed to fetch
    at eval (webpack-internal:///(app-pages-browser)/./src/components/notifications/NotificationDropdown.jsx:46:36)
    at eval (webpack-internal:///(app-pages-browser)/./src/components/notifications/NotificationDropdown.jsx:115:13) @ webpack-internal:///(app-pages-browser)/./node_modules/next/dist/client/app-index.js:32
[16232942ms] [ERROR] Failed to load resource: net::ERR_CONNECTION_REFUSED @ http://localhost:3000/api/notifications/unread-count:0
[16232943ms] [ERROR] Error fetching unread count: TypeError: Failed to fetch
    at eval (webpack-internal:///(app-pages-browser)/./src/components/notifications/NotificationDropdown.jsx:46:36)
    at eval (webpack-internal:///(app-pages-browser)/./src/components/notifications/NotificationDropdown.jsx:115:13) @ webpack-internal:///(app-pages-browser)/./node_modules/next/dist/client/app-index.js:32
[16262940ms] [ERROR] Failed to load resource: net::ERR_CONNECTION_REFUSED @ http://localhost:3000/api/notifications/unread-count:0
[16262940ms] [ERROR] Error fetching unread count: TypeError: Failed to fetch
    at eval (webpack-internal:///(app-pages-browser)/./src/components/notifications/NotificationDropdown.jsx:46:36)
    at eval (webpack-internal:///(app-pages-browser)/./src/components/notifications/NotificationDropdown.jsx:115:13) @ webpack-internal:///(app-pages-browser)/./node_modules/next/dist/client/app-index.js:32
[16292957ms] [ERROR] Failed to load resource: net::ERR_CONNECTION_REFUSED @ http://localhost:3000/api/notifications/unread-count:0
[16292957ms] [ERROR] Error fetching unread count: TypeError: Failed to fetch
    at eval (webpack-internal:///(app-pages-browser)/./src/components/notifications/NotificationDropdown.jsx:46:36)
    at eval (webpack-internal:///(app-pages-browser)/./src/components/notifications/NotificationDropdown.jsx:115:13) @ webpack-internal:///(app-pages-browser)/./node_modules/next/dist/client/app-index.js:32
[16322937ms] [ERROR] Failed to load resource: net::ERR_CONNECTION_REFUSED @ http://localhost:3000/api/notifications/unread-count:0
[16322937ms] [ERROR] Error fetching unread count: TypeError: Failed to fetch
    at eval (webpack-internal:///(app-pages-browser)/./src/components/notifications/NotificationDropdown.jsx:46:36)
    at eval (webpack-internal:///(app-pages-browser)/./src/components/notifications/NotificationDropdown.jsx:115:13) @ webpack-internal:///(app-pages-browser)/./node_modules/next/dist/client/app-index.js:32
[16352969ms] [ERROR] Failed to load resource: net::ERR_CONNECTION_REFUSED @ http://localhost:3000/api/notifications/unread-count:0
[16352969ms] [ERROR] Error fetching unread count: TypeError: Failed to fetch
    at eval (webpack-internal:///(app-pages-browser)/./src/components/notifications/NotificationDropdown.jsx:46:36)
    at eval (webpack-internal:///(app-pages-browser)/./src/components/notifications/NotificationDropdown.jsx:115:13) @ webpack-internal:///(app-pages-browser)/./node_modules/next/dist/client/app-index.js:32
[16382928ms] [ERROR] Failed to load resource: net::ERR_CONNECTION_REFUSED @ http://localhost:3000/api/notifications/unread-count:0
[16382928ms] [ERROR] Error fetching unread count: TypeError: Failed to fetch
    at eval (webpack-internal:///(app-pages-browser)/./src/components/notifications/NotificationDropdown.jsx:46:36)
    at eval (webpack-internal:///(app-pages-browser)/./src/components/notifications/NotificationDropdown.jsx:115:13) @ webpack-internal:///(app-pages-browser)/./node_modules/next/dist/client/app-index.js:32
[16412941ms] [ERROR] Failed to load resource: net::ERR_CONNECTION_REFUSED @ http://localhost:3000/api/notifications/unread-count:0
[16412941ms] [ERROR] Error fetching unread count: TypeError: Failed to fetch
    at eval (webpack-internal:///(app-pages-browser)/./src/components/notifications/NotificationDropdown.jsx:46:36)
    at eval (webpack-internal:///(app-pages-browser)/./src/components/notifications/NotificationDropdown.jsx:115:13) @ webpack-internal:///(app-pages-browser)/./node_modules/next/dist/client/app-index.js:32
[16442931ms] [ERROR] Failed to load resource: net::ERR_CONNECTION_REFUSED @ http://localhost:3000/api/notifications/unread-count:0
[16442931ms] [ERROR] Error fetching unread count: TypeError: Failed to fetch
    at eval (webpack-internal:///(app-pages-browser)/./src/components/notifications/NotificationDropdown.jsx:46:36)
    at eval (webpack-internal:///(app-pages-browser)/./src/components/notifications/NotificationDropdown.jsx:115:13) @ webpack-internal:///(app-pages-browser)/./node_modules/next/dist/client/app-index.js:32
[16472937ms] [ERROR] Failed to load resource: net::ERR_CONNECTION_REFUSED @ http://localhost:3000/api/notifications/unread-count:0
[16472937ms] [ERROR] Error fetching unread count: TypeError: Failed to fetch
    at eval (webpack-internal:///(app-pages-browser)/./src/components/notifications/NotificationDropdown.jsx:46:36)
    at eval (webpack-internal:///(app-pages-browser)/./src/components/notifications/NotificationDropdown.jsx:115:13) @ webpack-internal:///(app-pages-browser)/./node_modules/next/dist/client/app-index.js:32
[16502945ms] [ERROR] Failed to load resource: net::ERR_CONNECTION_REFUSED @ http://localhost:3000/api/notifications/unread-count:0
[16502945ms] [ERROR] Error fetching unread count: TypeError: Failed to fetch
    at eval (webpack-internal:///(app-pages-browser)/./src/components/notifications/NotificationDropdown.jsx:46:36)
    at eval (webpack-internal:///(app-pages-browser)/./src/components/notifications/NotificationDropdown.jsx:115:13) @ webpack-internal:///(app-pages-browser)/./node_modules/next/dist/client/app-index.js:32
[16532944ms] [ERROR] Failed to load resource: net::ERR_CONNECTION_REFUSED @ http://localhost:3000/api/notifications/unread-count:0
[16532944ms] [ERROR] Error fetching unread count: TypeError: Failed to fetch
    at eval (webpack-internal:///(app-pages-browser)/./src/components/notifications/NotificationDropdown.jsx:46:36)
    at eval (webpack-internal:///(app-pages-browser)/./src/components/notifications/NotificationDropdown.jsx:115:13) @ webpack-internal:///(app-pages-browser)/./node_modules/next/dist/client/app-index.js:32
[16562928ms] [ERROR] Failed to load resource: net::ERR_CONNECTION_REFUSED @ http://localhost:3000/api/notifications/unread-count:0
[16562928ms] [ERROR] Error fetching unread count: TypeError: Failed to fetch
    at eval (webpack-internal:///(app-pages-browser)/./src/components/notifications/NotificationDropdown.jsx:46:36)
    at eval (webpack-internal:///(app-pages-browser)/./src/components/notifications/NotificationDropdown.jsx:115:13) @ webpack-internal:///(app-pages-browser)/./node_modules/next/dist/client/app-index.js:32
[16592965ms] [ERROR] Failed to load resource: net::ERR_CONNECTION_REFUSED @ http://localhost:3000/api/notifications/unread-count:0
[16592965ms] [ERROR] Error fetching unread count: TypeError: Failed to fetch
    at eval (webpack-internal:///(app-pages-browser)/./src/components/notifications/NotificationDropdown.jsx:46:36)
    at eval (webpack-internal:///(app-pages-browser)/./src/components/notifications/NotificationDropdown.jsx:115:13) @ webpack-internal:///(app-pages-browser)/./node_modules/next/dist/client/app-index.js:32
[16622949ms] [ERROR] Failed to load resource: net::ERR_CONNECTION_REFUSED @ http://localhost:3000/api/notifications/unread-count:0
[16622949ms] [ERROR] Error fetching unread count: TypeError: Failed to fetch
    at eval (webpack-internal:///(app-pages-browser)/./src/components/notifications/NotificationDropdown.jsx:46:36)
    at eval (webpack-internal:///(app-pages-browser)/./src/components/notifications/NotificationDropdown.jsx:115:13) @ webpack-internal:///(app-pages-browser)/./node_modules/next/dist/client/app-index.js:32
[16652962ms] [ERROR] Failed to load resource: net::ERR_CONNECTION_REFUSED @ http://localhost:3000/api/notifications/unread-count:0
[16652962ms] [ERROR] Error fetching unread count: TypeError: Failed to fetch
    at eval (webpack-internal:///(app-pages-browser)/./src/components/notifications/NotificationDropdown.jsx:46:36)
    at eval (webpack-internal:///(app-pages-browser)/./src/components/notifications/NotificationDropdown.jsx:115:13) @ webpack-internal:///(app-pages-browser)/./node_modules/next/dist/client/app-index.js:32
[16682960ms] [ERROR] Failed to load resource: net::ERR_CONNECTION_REFUSED @ http://localhost:3000/api/notifications/unread-count:0
[16682960ms] [ERROR] Error fetching unread count: TypeError: Failed to fetch
    at eval (webpack-internal:///(app-pages-browser)/./src/components/notifications/NotificationDropdown.jsx:46:36)
    at eval (webpack-internal:///(app-pages-browser)/./src/components/notifications/NotificationDropdown.jsx:115:13) @ webpack-internal:///(app-pages-browser)/./node_modules/next/dist/client/app-index.js:32
[16712927ms] [ERROR] Failed to load resource: net::ERR_CONNECTION_REFUSED @ http://localhost:3000/api/notifications/unread-count:0
[16712927ms] [ERROR] Error fetching unread count: TypeError: Failed to fetch
    at eval (webpack-internal:///(app-pages-browser)/./src/components/notifications/NotificationDropdown.jsx:46:36)
    at eval (webpack-internal:///(app-pages-browser)/./src/components/notifications/NotificationDropdown.jsx:115:13) @ webpack-internal:///(app-pages-browser)/./node_modules/next/dist/client/app-index.js:32
[16742944ms] [ERROR] Failed to load resource: net::ERR_CONNECTION_REFUSED @ http://localhost:3000/api/notifications/unread-count:0
[16742944ms] [ERROR] Error fetching unread count: TypeError: Failed to fetch
    at eval (webpack-internal:///(app-pages-browser)/./src/components/notifications/NotificationDropdown.jsx:46:36)
    at eval (webpack-internal:///(app-pages-browser)/./src/components/notifications/NotificationDropdown.jsx:115:13) @ webpack-internal:///(app-pages-browser)/./node_modules/next/dist/client/app-index.js:32
[16772932ms] [ERROR] Failed to load resource: net::ERR_CONNECTION_REFUSED @ http://localhost:3000/api/notifications/unread-count:0
[16772932ms] [ERROR] Error fetching unread count: TypeError: Failed to fetch
    at eval (webpack-internal:///(app-pages-browser)/./src/components/notifications/NotificationDropdown.jsx:46:36)
    at eval (webpack-internal:///(app-pages-browser)/./src/components/notifications/NotificationDropdown.jsx:115:13) @ webpack-internal:///(app-pages-browser)/./node_modules/next/dist/client/app-index.js:32
[16802936ms] [ERROR] Failed to load resource: net::ERR_CONNECTION_REFUSED @ http://localhost:3000/api/notifications/unread-count:0
[16802936ms] [ERROR] Error fetching unread count: TypeError: Failed to fetch
    at eval (webpack-internal:///(app-pages-browser)/./src/components/notifications/NotificationDropdown.jsx:46:36)
    at eval (webpack-internal:///(app-pages-browser)/./src/components/notifications/NotificationDropdown.jsx:115:13) @ webpack-internal:///(app-pages-browser)/./node_modules/next/dist/client/app-index.js:32
[16832935ms] [ERROR] Failed to load resource: net::ERR_CONNECTION_REFUSED @ http://localhost:3000/api/notifications/unread-count:0
[16832935ms] [ERROR] Error fetching unread count: TypeError: Failed to fetch
    at eval (webpack-internal:///(app-pages-browser)/./src/components/notifications/NotificationDropdown.jsx:46:36)
    at eval (webpack-internal:///(app-pages-browser)/./src/components/notifications/NotificationDropdown.jsx:115:13) @ webpack-internal:///(app-pages-browser)/./node_modules/next/dist/client/app-index.js:32
[16862948ms] [ERROR] Failed to load resource: net::ERR_CONNECTION_REFUSED @ http://localhost:3000/api/notifications/unread-count:0
[16862948ms] [ERROR] Error fetching unread count: TypeError: Failed to fetch
    at eval (webpack-internal:///(app-pages-browser)/./src/components/notifications/NotificationDropdown.jsx:46:36)
    at eval (webpack-internal:///(app-pages-browser)/./src/components/notifications/NotificationDropdown.jsx:115:13) @ webpack-internal:///(app-pages-browser)/./node_modules/next/dist/client/app-index.js:32
[16892929ms] [ERROR] Failed to load resource: net::ERR_CONNECTION_REFUSED @ http://localhost:3000/api/notifications/unread-count:0
[16892929ms] [ERROR] Error fetching unread count: TypeError: Failed to fetch
    at eval (webpack-internal:///(app-pages-browser)/./src/components/notifications/NotificationDropdown.jsx:46:36)
    at eval (webpack-internal:///(app-pages-browser)/./src/components/notifications/NotificationDropdown.jsx:115:13) @ webpack-internal:///(app-pages-browser)/./node_modules/next/dist/client/app-index.js:32
[16922943ms] [ERROR] Failed to load resource: net::ERR_CONNECTION_REFUSED @ http://localhost:3000/api/notifications/unread-count:0
[16922943ms] [ERROR] Error fetching unread count: TypeError: Failed to fetch
    at eval (webpack-internal:///(app-pages-browser)/./src/components/notifications/NotificationDropdown.jsx:46:36)
    at eval (webpack-internal:///(app-pages-browser)/./src/components/notifications/NotificationDropdown.jsx:115:13) @ webpack-internal:///(app-pages-browser)/./node_modules/next/dist/client/app-index.js:32
[16952955ms] [ERROR] Failed to load resource: net::ERR_CONNECTION_REFUSED @ http://localhost:3000/api/notifications/unread-count:0
[16952955ms] [ERROR] Error fetching unread count: TypeError: Failed to fetch
    at eval (webpack-internal:///(app-pages-browser)/./src/components/notifications/NotificationDropdown.jsx:46:36)
    at eval (webpack-internal:///(app-pages-browser)/./src/components/notifications/NotificationDropdown.jsx:115:13) @ webpack-internal:///(app-pages-browser)/./node_modules/next/dist/client/app-index.js:32
[16982940ms] [ERROR] Failed to load resource: net::ERR_CONNECTION_REFUSED @ http://localhost:3000/api/notifications/unread-count:0
[16982940ms] [ERROR] Error fetching unread count: TypeError: Failed to fetch
    at eval (webpack-internal:///(app-pages-browser)/./src/components/notifications/NotificationDropdown.jsx:46:36)
    at eval (webpack-internal:///(app-pages-browser)/./src/components/notifications/NotificationDropdown.jsx:115:13) @ webpack-internal:///(app-pages-browser)/./node_modules/next/dist/client/app-index.js:32
[17012942ms] [ERROR] Failed to load resource: net::ERR_CONNECTION_REFUSED @ http://localhost:3000/api/notifications/unread-count:0
[17012942ms] [ERROR] Error fetching unread count: TypeError: Failed to fetch
    at eval (webpack-internal:///(app-pages-browser)/./src/components/notifications/NotificationDropdown.jsx:46:36)
    at eval (webpack-internal:///(app-pages-browser)/./src/components/notifications/NotificationDropdown.jsx:115:13) @ webpack-internal:///(app-pages-browser)/./node_modules/next/dist/client/app-index.js:32
[17042929ms] [ERROR] Failed to load resource: net::ERR_CONNECTION_REFUSED @ http://localhost:3000/api/notifications/unread-count:0
[17042929ms] [ERROR] Error fetching unread count: TypeError: Failed to fetch
    at eval (webpack-internal:///(app-pages-browser)/./src/components/notifications/NotificationDropdown.jsx:46:36)
    at eval (webpack-internal:///(app-pages-browser)/./src/components/notifications/NotificationDropdown.jsx:115:13) @ webpack-internal:///(app-pages-browser)/./node_modules/next/dist/client/app-index.js:32
[17072947ms] [ERROR] Failed to load resource: net::ERR_CONNECTION_REFUSED @ http://localhost:3000/api/notifications/unread-count:0
[17072947ms] [ERROR] Error fetching unread count: TypeError: Failed to fetch
    at eval (webpack-internal:///(app-pages-browser)/./src/components/notifications/NotificationDropdown.jsx:46:36)
    at eval (webpack-internal:///(app-pages-browser)/./src/components/notifications/NotificationDropdown.jsx:115:13) @ webpack-internal:///(app-pages-browser)/./node_modules/next/dist/client/app-index.js:32
[17102936ms] [ERROR] Failed to load resource: net::ERR_CONNECTION_REFUSED @ http://localhost:3000/api/notifications/unread-count:0
[17102936ms] [ERROR] Error fetching unread count: TypeError: Failed to fetch
    at eval (webpack-internal:///(app-pages-browser)/./src/components/notifications/NotificationDropdown.jsx:46:36)
    at eval (webpack-internal:///(app-pages-browser)/./src/components/notifications/NotificationDropdown.jsx:115:13) @ webpack-internal:///(app-pages-browser)/./node_modules/next/dist/client/app-index.js:32
[17132947ms] [ERROR] Failed to load resource: net::ERR_CONNECTION_REFUSED @ http://localhost:3000/api/notifications/unread-count:0
[17132947ms] [ERROR] Error fetching unread count: TypeError: Failed to fetch
    at eval (webpack-internal:///(app-pages-browser)/./src/components/notifications/NotificationDropdown.jsx:46:36)
    at eval (webpack-internal:///(app-pages-browser)/./src/components/notifications/NotificationDropdown.jsx:115:13) @ webpack-internal:///(app-pages-browser)/./node_modules/next/dist/client/app-index.js:32
[17162929ms] [ERROR] Failed to load resource: net::ERR_CONNECTION_REFUSED @ http://localhost:3000/api/notifications/unread-count:0
[17162929ms] [ERROR] Error fetching unread count: TypeError: Failed to fetch
    at eval (webpack-internal:///(app-pages-browser)/./src/components/notifications/NotificationDropdown.jsx:46:36)
    at eval (webpack-internal:///(app-pages-browser)/./src/components/notifications/NotificationDropdown.jsx:115:13) @ webpack-internal:///(app-pages-browser)/./node_modules/next/dist/client/app-index.js:32
[17192940ms] [ERROR] Failed to load resource: net::ERR_CONNECTION_REFUSED @ http://localhost:3000/api/notifications/unread-count:0
[17192941ms] [ERROR] Error fetching unread count: TypeError: Failed to fetch
    at eval (webpack-internal:///(app-pages-browser)/./src/components/notifications/NotificationDropdown.jsx:46:36)
    at eval (webpack-internal:///(app-pages-browser)/./src/components/notifications/NotificationDropdown.jsx:115:13) @ webpack-internal:///(app-pages-browser)/./node_modules/next/dist/client/app-index.js:32
[17222968ms] [ERROR] Failed to load resource: net::ERR_CONNECTION_REFUSED @ http://localhost:3000/api/notifications/unread-count:0
[17222968ms] [ERROR] Error fetching unread count: TypeError: Failed to fetch
    at eval (webpack-internal:///(app-pages-browser)/./src/components/notifications/NotificationDropdown.jsx:46:36)
    at eval (webpack-internal:///(app-pages-browser)/./src/components/notifications/NotificationDropdown.jsx:115:13) @ webpack-internal:///(app-pages-browser)/./node_modules/next/dist/client/app-index.js:32
[17252933ms] [ERROR] Failed to load resource: net::ERR_CONNECTION_REFUSED @ http://localhost:3000/api/notifications/unread-count:0
[17252933ms] [ERROR] Error fetching unread count: TypeError: Failed to fetch
    at eval (webpack-internal:///(app-pages-browser)/./src/components/notifications/NotificationDropdown.jsx:46:36)
    at eval (webpack-internal:///(app-pages-browser)/./src/components/notifications/NotificationDropdown.jsx:115:13) @ webpack-internal:///(app-pages-browser)/./node_modules/next/dist/client/app-index.js:32
[17282949ms] [ERROR] Failed to load resource: net::ERR_CONNECTION_REFUSED @ http://localhost:3000/api/notifications/unread-count:0
[17282949ms] [ERROR] Error fetching unread count: TypeError: Failed to fetch
    at eval (webpack-internal:///(app-pages-browser)/./src/components/notifications/NotificationDropdown.jsx:46:36)
    at eval (webpack-internal:///(app-pages-browser)/./src/components/notifications/NotificationDropdown.jsx:115:13) @ webpack-internal:///(app-pages-browser)/./node_modules/next/dist/client/app-index.js:32
[17312941ms] [ERROR] Failed to load resource: net::ERR_CONNECTION_REFUSED @ http://localhost:3000/api/notifications/unread-count:0
[17312941ms] [ERROR] Error fetching unread count: TypeError: Failed to fetch
    at eval (webpack-internal:///(app-pages-browser)/./src/components/notifications/NotificationDropdown.jsx:46:36)
    at eval (webpack-internal:///(app-pages-browser)/./src/components/notifications/NotificationDropdown.jsx:115:13) @ webpack-internal:///(app-pages-browser)/./node_modules/next/dist/client/app-index.js:32
[17342961ms] [ERROR] Failed to load resource: net::ERR_CONNECTION_REFUSED @ http://localhost:3000/api/notifications/unread-count:0
[17342961ms] [ERROR] Error fetching unread count: TypeError: Failed to fetch
    at eval (webpack-internal:///(app-pages-browser)/./src/components/notifications/NotificationDropdown.jsx:46:36)
    at eval (webpack-internal:///(app-pages-browser)/./src/components/notifications/NotificationDropdown.jsx:115:13) @ webpack-internal:///(app-pages-browser)/./node_modules/next/dist/client/app-index.js:32
[17372949ms] [ERROR] Failed to load resource: net::ERR_CONNECTION_REFUSED @ http://localhost:3000/api/notifications/unread-count:0
[17372949ms] [ERROR] Error fetching unread count: TypeError: Failed to fetch
    at eval (webpack-internal:///(app-pages-browser)/./src/components/notifications/NotificationDropdown.jsx:46:36)
    at eval (webpack-internal:///(app-pages-browser)/./src/components/notifications/NotificationDropdown.jsx:115:13) @ webpack-internal:///(app-pages-browser)/./node_modules/next/dist/client/app-index.js:32
[17402934ms] [ERROR] Failed to load resource: net::ERR_CONNECTION_REFUSED @ http://localhost:3000/api/notifications/unread-count:0
[17402934ms] [ERROR] Error fetching unread count: TypeError: Failed to fetch
    at eval (webpack-internal:///(app-pages-browser)/./src/components/notifications/NotificationDropdown.jsx:46:36)
    at eval (webpack-internal:///(app-pages-browser)/./src/components/notifications/NotificationDropdown.jsx:115:13) @ webpack-internal:///(app-pages-browser)/./node_modules/next/dist/client/app-index.js:32
[17432926ms] [ERROR] Failed to load resource: net::ERR_CONNECTION_REFUSED @ http://localhost:3000/api/notifications/unread-count:0
[17432926ms] [ERROR] Error fetching unread count: TypeError: Failed to fetch
    at eval (webpack-internal:///(app-pages-browser)/./src/components/notifications/NotificationDropdown.jsx:46:36)
    at eval (webpack-internal:///(app-pages-browser)/./src/components/notifications/NotificationDropdown.jsx:115:13) @ webpack-internal:///(app-pages-browser)/./node_modules/next/dist/client/app-index.js:32
[17462939ms] [ERROR] Failed to load resource: net::ERR_CONNECTION_REFUSED @ http://localhost:3000/api/notifications/unread-count:0
[17462939ms] [ERROR] Error fetching unread count: TypeError: Failed to fetch
    at eval (webpack-internal:///(app-pages-browser)/./src/components/notifications/NotificationDropdown.jsx:46:36)
    at eval (webpack-internal:///(app-pages-browser)/./src/components/notifications/NotificationDropdown.jsx:115:13) @ webpack-internal:///(app-pages-browser)/./node_modules/next/dist/client/app-index.js:32
[17492930ms] [ERROR] Failed to load resource: net::ERR_CONNECTION_REFUSED @ http://localhost:3000/api/notifications/unread-count:0
[17492931ms] [ERROR] Error fetching unread count: TypeError: Failed to fetch
    at eval (webpack-internal:///(app-pages-browser)/./src/components/notifications/NotificationDropdown.jsx:46:36)
    at eval (webpack-internal:///(app-pages-browser)/./src/components/notifications/NotificationDropdown.jsx:115:13) @ webpack-internal:///(app-pages-browser)/./node_modules/next/dist/client/app-index.js:32
[17522936ms] [ERROR] Failed to load resource: net::ERR_CONNECTION_REFUSED @ http://localhost:3000/api/notifications/unread-count:0
[17522936ms] [ERROR] Error fetching unread count: TypeError: Failed to fetch
    at eval (webpack-internal:///(app-pages-browser)/./src/components/notifications/NotificationDropdown.jsx:46:36)
    at eval (webpack-internal:///(app-pages-browser)/./src/components/notifications/NotificationDropdown.jsx:115:13) @ webpack-internal:///(app-pages-browser)/./node_modules/next/dist/client/app-index.js:32
[17552931ms] [ERROR] Failed to load resource: net::ERR_CONNECTION_REFUSED @ http://localhost:3000/api/notifications/unread-count:0
[17552932ms] [ERROR] Error fetching unread count: TypeError: Failed to fetch
    at eval (webpack-internal:///(app-pages-browser)/./src/components/notifications/NotificationDropdown.jsx:46:36)
    at eval (webpack-internal:///(app-pages-browser)/./src/components/notifications/NotificationDropdown.jsx:115:13) @ webpack-internal:///(app-pages-browser)/./node_modules/next/dist/client/app-index.js:32
[17582946ms] [ERROR] Failed to load resource: net::ERR_CONNECTION_REFUSED @ http://localhost:3000/api/notifications/unread-count:0
[17582946ms] [ERROR] Error fetching unread count: TypeError: Failed to fetch
    at eval (webpack-internal:///(app-pages-browser)/./src/components/notifications/NotificationDropdown.jsx:46:36)
    at eval (webpack-internal:///(app-pages-browser)/./src/components/notifications/NotificationDropdown.jsx:115:13) @ webpack-internal:///(app-pages-browser)/./node_modules/next/dist/client/app-index.js:32
[17612946ms] [ERROR] Failed to load resource: net::ERR_CONNECTION_REFUSED @ http://localhost:3000/api/notifications/unread-count:0
[17612946ms] [ERROR] Error fetching unread count: TypeError: Failed to fetch
    at eval (webpack-internal:///(app-pages-browser)/./src/components/notifications/NotificationDropdown.jsx:46:36)
    at eval (webpack-internal:///(app-pages-browser)/./src/components/notifications/NotificationDropdown.jsx:115:13) @ webpack-internal:///(app-pages-browser)/./node_modules/next/dist/client/app-index.js:32
[17642933ms] [ERROR] Failed to load resource: net::ERR_CONNECTION_REFUSED @ http://localhost:3000/api/notifications/unread-count:0
[17642933ms] [ERROR] Error fetching unread count: TypeError: Failed to fetch
    at eval (webpack-internal:///(app-pages-browser)/./src/components/notifications/NotificationDropdown.jsx:46:36)
    at eval (webpack-internal:///(app-pages-browser)/./src/components/notifications/NotificationDropdown.jsx:115:13) @ webpack-internal:///(app-pages-browser)/./node_modules/next/dist/client/app-index.js:32
[17672931ms] [ERROR] Failed to load resource: net::ERR_CONNECTION_REFUSED @ http://localhost:3000/api/notifications/unread-count:0
[17672931ms] [ERROR] Error fetching unread count: TypeError: Failed to fetch
    at eval (webpack-internal:///(app-pages-browser)/./src/components/notifications/NotificationDropdown.jsx:46:36)
    at eval (webpack-internal:///(app-pages-browser)/./src/components/notifications/NotificationDropdown.jsx:115:13) @ webpack-internal:///(app-pages-browser)/./node_modules/next/dist/client/app-index.js:32
[17702956ms] [ERROR] Failed to load resource: net::ERR_CONNECTION_REFUSED @ http://localhost:3000/api/notifications/unread-count:0
[17702956ms] [ERROR] Error fetching unread count: TypeError: Failed to fetch
    at eval (webpack-internal:///(app-pages-browser)/./src/components/notifications/NotificationDropdown.jsx:46:36)
    at eval (webpack-internal:///(app-pages-browser)/./src/components/notifications/NotificationDropdown.jsx:115:13) @ webpack-internal:///(app-pages-browser)/./node_modules/next/dist/client/app-index.js:32
[17732944ms] [ERROR] Failed to load resource: net::ERR_CONNECTION_REFUSED @ http://localhost:3000/api/notifications/unread-count:0
[17732944ms] [ERROR] Error fetching unread count: TypeError: Failed to fetch
    at eval (webpack-internal:///(app-pages-browser)/./src/components/notifications/NotificationDropdown.jsx:46:36)
    at eval (webpack-internal:///(app-pages-browser)/./src/components/notifications/NotificationDropdown.jsx:115:13) @ webpack-internal:///(app-pages-browser)/./node_modules/next/dist/client/app-index.js:32
[17762971ms] [ERROR] Failed to load resource: net::ERR_CONNECTION_REFUSED @ http://localhost:3000/api/notifications/unread-count:0
[17762971ms] [ERROR] Error fetching unread count: TypeError: Failed to fetch
    at eval (webpack-internal:///(app-pages-browser)/./src/components/notifications/NotificationDropdown.jsx:46:36)
    at eval (webpack-internal:///(app-pages-browser)/./src/components/notifications/NotificationDropdown.jsx:115:13) @ webpack-internal:///(app-pages-browser)/./node_modules/next/dist/client/app-index.js:32
[17792988ms] [ERROR] Failed to load resource: net::ERR_CONNECTION_REFUSED @ http://localhost:3000/api/notifications/unread-count:0
[17792988ms] [ERROR] Error fetching unread count: TypeError: Failed to fetch
    at eval (webpack-internal:///(app-pages-browser)/./src/components/notifications/NotificationDropdown.jsx:46:36)
    at eval (webpack-internal:///(app-pages-browser)/./src/components/notifications/NotificationDropdown.jsx:115:13) @ webpack-internal:///(app-pages-browser)/./node_modules/next/dist/client/app-index.js:32
[17822965ms] [ERROR] Failed to load resource: net::ERR_CONNECTION_REFUSED @ http://localhost:3000/api/notifications/unread-count:0
[17822965ms] [ERROR] Error fetching unread count: TypeError: Failed to fetch
    at eval (webpack-internal:///(app-pages-browser)/./src/components/notifications/NotificationDropdown.jsx:46:36)
    at eval (webpack-internal:///(app-pages-browser)/./src/components/notifications/NotificationDropdown.jsx:115:13) @ webpack-internal:///(app-pages-browser)/./node_modules/next/dist/client/app-index.js:32
[17852956ms] [ERROR] Failed to load resource: net::ERR_CONNECTION_REFUSED @ http://localhost:3000/api/notifications/unread-count:0
[17852956ms] [ERROR] Error fetching unread count: TypeError: Failed to fetch
    at eval (webpack-internal:///(app-pages-browser)/./src/components/notifications/NotificationDropdown.jsx:46:36)
    at eval (webpack-internal:///(app-pages-browser)/./src/components/notifications/NotificationDropdown.jsx:115:13) @ webpack-internal:///(app-pages-browser)/./node_modules/next/dist/client/app-index.js:32
[17882930ms] [ERROR] Failed to load resource: net::ERR_CONNECTION_REFUSED @ http://localhost:3000/api/notifications/unread-count:0
[17882930ms] [ERROR] Error fetching unread count: TypeError: Failed to fetch
    at eval (webpack-internal:///(app-pages-browser)/./src/components/notifications/NotificationDropdown.jsx:46:36)
    at eval (webpack-internal:///(app-pages-browser)/./src/components/notifications/NotificationDropdown.jsx:115:13) @ webpack-internal:///(app-pages-browser)/./node_modules/next/dist/client/app-index.js:32
[17912974ms] [ERROR] Failed to load resource: net::ERR_CONNECTION_REFUSED @ http://localhost:3000/api/notifications/unread-count:0
[17912975ms] [ERROR] Error fetching unread count: TypeError: Failed to fetch
    at eval (webpack-internal:///(app-pages-browser)/./src/components/notifications/NotificationDropdown.jsx:46:36)
    at eval (webpack-internal:///(app-pages-browser)/./src/components/notifications/NotificationDropdown.jsx:115:13) @ webpack-internal:///(app-pages-browser)/./node_modules/next/dist/client/app-index.js:32
[17942955ms] [ERROR] Failed to load resource: net::ERR_CONNECTION_REFUSED @ http://localhost:3000/api/notifications/unread-count:0
[17942956ms] [ERROR] Error fetching unread count: TypeError: Failed to fetch
    at eval (webpack-internal:///(app-pages-browser)/./src/components/notifications/NotificationDropdown.jsx:46:36)
    at eval (webpack-internal:///(app-pages-browser)/./src/components/notifications/NotificationDropdown.jsx:115:13) @ webpack-internal:///(app-pages-browser)/./node_modules/next/dist/client/app-index.js:32
[17972956ms] [ERROR] Failed to load resource: net::ERR_CONNECTION_REFUSED @ http://localhost:3000/api/notifications/unread-count:0
[17972956ms] [ERROR] Error fetching unread count: TypeError: Failed to fetch
    at eval (webpack-internal:///(app-pages-browser)/./src/components/notifications/NotificationDropdown.jsx:46:36)
    at eval (webpack-internal:///(app-pages-browser)/./src/components/notifications/NotificationDropdown.jsx:115:13) @ webpack-internal:///(app-pages-browser)/./node_modules/next/dist/client/app-index.js:32
[18002929ms] [ERROR] Failed to load resource: net::ERR_CONNECTION_REFUSED @ http://localhost:3000/api/notifications/unread-count:0
[18002930ms] [ERROR] Error fetching unread count: TypeError: Failed to fetch
    at eval (webpack-internal:///(app-pages-browser)/./src/components/notifications/NotificationDropdown.jsx:46:36)
    at eval (webpack-internal:///(app-pages-browser)/./src/components/notifications/NotificationDropdown.jsx:115:13) @ webpack-internal:///(app-pages-browser)/./node_modules/next/dist/client/app-index.js:32
[18032938ms] [ERROR] Failed to load resource: net::ERR_CONNECTION_REFUSED @ http://localhost:3000/api/notifications/unread-count:0
[18032938ms] [ERROR] Error fetching unread count: TypeError: Failed to fetch
    at eval (webpack-internal:///(app-pages-browser)/./src/components/notifications/NotificationDropdown.jsx:46:36)
    at eval (webpack-internal:///(app-pages-browser)/./src/components/notifications/NotificationDropdown.jsx:115:13) @ webpack-internal:///(app-pages-browser)/./node_modules/next/dist/client/app-index.js:32
[18062947ms] [ERROR] Failed to load resource: net::ERR_CONNECTION_REFUSED @ http://localhost:3000/api/notifications/unread-count:0
[18062947ms] [ERROR] Error fetching unread count: TypeError: Failed to fetch
    at eval (webpack-internal:///(app-pages-browser)/./src/components/notifications/NotificationDropdown.jsx:46:36)
    at eval (webpack-internal:///(app-pages-browser)/./src/components/notifications/NotificationDropdown.jsx:115:13) @ webpack-internal:///(app-pages-browser)/./node_modules/next/dist/client/app-index.js:32
[18092964ms] [ERROR] Failed to load resource: net::ERR_CONNECTION_REFUSED @ http://localhost:3000/api/notifications/unread-count:0
[18092964ms] [ERROR] Error fetching unread count: TypeError: Failed to fetch
    at eval (webpack-internal:///(app-pages-browser)/./src/components/notifications/NotificationDropdown.jsx:46:36)
    at eval (webpack-internal:///(app-pages-browser)/./src/components/notifications/NotificationDropdown.jsx:115:13) @ webpack-internal:///(app-pages-browser)/./node_modules/next/dist/client/app-index.js:32
[18122948ms] [ERROR] Failed to load resource: net::ERR_CONNECTION_REFUSED @ http://localhost:3000/api/notifications/unread-count:0
[18122948ms] [ERROR] Error fetching unread count: TypeError: Failed to fetch
    at eval (webpack-internal:///(app-pages-browser)/./src/components/notifications/NotificationDropdown.jsx:46:36)
    at eval (webpack-internal:///(app-pages-browser)/./src/components/notifications/NotificationDropdown.jsx:115:13) @ webpack-internal:///(app-pages-browser)/./node_modules/next/dist/client/app-index.js:32
[18152954ms] [ERROR] Failed to load resource: net::ERR_CONNECTION_REFUSED @ http://localhost:3000/api/notifications/unread-count:0
[18152954ms] [ERROR] Error fetching unread count: TypeError: Failed to fetch
    at eval (webpack-internal:///(app-pages-browser)/./src/components/notifications/NotificationDropdown.jsx:46:36)
    at eval (webpack-internal:///(app-pages-browser)/./src/components/notifications/NotificationDropdown.jsx:115:13) @ webpack-internal:///(app-pages-browser)/./node_modules/next/dist/client/app-index.js:32
[18182939ms] [ERROR] Failed to load resource: net::ERR_CONNECTION_REFUSED @ http://localhost:3000/api/notifications/unread-count:0
[18182939ms] [ERROR] Error fetching unread count: TypeError: Failed to fetch
    at eval (webpack-internal:///(app-pages-browser)/./src/components/notifications/NotificationDropdown.jsx:46:36)
    at eval (webpack-internal:///(app-pages-browser)/./src/components/notifications/NotificationDropdown.jsx:115:13) @ webpack-internal:///(app-pages-browser)/./node_modules/next/dist/client/app-index.js:32
[18212938ms] [ERROR] Failed to load resource: net::ERR_CONNECTION_REFUSED @ http://localhost:3000/api/notifications/unread-count:0
[18212938ms] [ERROR] Error fetching unread count: TypeError: Failed to fetch
    at eval (webpack-internal:///(app-pages-browser)/./src/components/notifications/NotificationDropdown.jsx:46:36)
    at eval (webpack-internal:///(app-pages-browser)/./src/components/notifications/NotificationDropdown.jsx:115:13) @ webpack-internal:///(app-pages-browser)/./node_modules/next/dist/client/app-index.js:32
[18242936ms] [ERROR] Failed to load resource: net::ERR_CONNECTION_REFUSED @ http://localhost:3000/api/notifications/unread-count:0
[18242936ms] [ERROR] Error fetching unread count: TypeError: Failed to fetch
    at eval (webpack-internal:///(app-pages-browser)/./src/components/notifications/NotificationDropdown.jsx:46:36)
    at eval (webpack-internal:///(app-pages-browser)/./src/components/notifications/NotificationDropdown.jsx:115:13) @ webpack-internal:///(app-pages-browser)/./node_modules/next/dist/client/app-index.js:32
[18272941ms] [ERROR] Failed to load resource: net::ERR_CONNECTION_REFUSED @ http://localhost:3000/api/notifications/unread-count:0
[18272941ms] [ERROR] Error fetching unread count: TypeError: Failed to fetch
    at eval (webpack-internal:///(app-pages-browser)/./src/components/notifications/NotificationDropdown.jsx:46:36)
    at eval (webpack-internal:///(app-pages-browser)/./src/components/notifications/NotificationDropdown.jsx:115:13) @ webpack-internal:///(app-pages-browser)/./node_modules/next/dist/client/app-index.js:32
[18302945ms] [ERROR] Failed to load resource: net::ERR_CONNECTION_REFUSED @ http://localhost:3000/api/notifications/unread-count:0
[18302945ms] [ERROR] Error fetching unread count: TypeError: Failed to fetch
    at eval (webpack-internal:///(app-pages-browser)/./src/components/notifications/NotificationDropdown.jsx:46:36)
    at eval (webpack-internal:///(app-pages-browser)/./src/components/notifications/NotificationDropdown.jsx:115:13) @ webpack-internal:///(app-pages-browser)/./node_modules/next/dist/client/app-index.js:32
[18332945ms] [ERROR] Failed to load resource: net::ERR_CONNECTION_REFUSED @ http://localhost:3000/api/notifications/unread-count:0
[18332945ms] [ERROR] Error fetching unread count: TypeError: Failed to fetch
    at eval (webpack-internal:///(app-pages-browser)/./src/components/notifications/NotificationDropdown.jsx:46:36)
    at eval (webpack-internal:///(app-pages-browser)/./src/components/notifications/NotificationDropdown.jsx:115:13) @ webpack-internal:///(app-pages-browser)/./node_modules/next/dist/client/app-index.js:32
[18362956ms] [ERROR] Failed to load resource: net::ERR_CONNECTION_REFUSED @ http://localhost:3000/api/notifications/unread-count:0
[18362956ms] [ERROR] Error fetching unread count: TypeError: Failed to fetch
    at eval (webpack-internal:///(app-pages-browser)/./src/components/notifications/NotificationDropdown.jsx:46:36)
    at eval (webpack-internal:///(app-pages-browser)/./src/components/notifications/NotificationDropdown.jsx:115:13) @ webpack-internal:///(app-pages-browser)/./node_modules/next/dist/client/app-index.js:32
[18392948ms] [ERROR] Failed to load resource: net::ERR_CONNECTION_REFUSED @ http://localhost:3000/api/notifications/unread-count:0
[18392948ms] [ERROR] Error fetching unread count: TypeError: Failed to fetch
    at eval (webpack-internal:///(app-pages-browser)/./src/components/notifications/NotificationDropdown.jsx:46:36)
    at eval (webpack-internal:///(app-pages-browser)/./src/components/notifications/NotificationDropdown.jsx:115:13) @ webpack-internal:///(app-pages-browser)/./node_modules/next/dist/client/app-index.js:32
[18422961ms] [ERROR] Failed to load resource: net::ERR_CONNECTION_REFUSED @ http://localhost:3000/api/notifications/unread-count:0
[18422961ms] [ERROR] Error fetching unread count: TypeError: Failed to fetch
    at eval (webpack-internal:///(app-pages-browser)/./src/components/notifications/NotificationDropdown.jsx:46:36)
    at eval (webpack-internal:///(app-pages-browser)/./src/components/notifications/NotificationDropdown.jsx:115:13) @ webpack-internal:///(app-pages-browser)/./node_modules/next/dist/client/app-index.js:32
[18452957ms] [ERROR] Failed to load resource: net::ERR_CONNECTION_REFUSED @ http://localhost:3000/api/notifications/unread-count:0
[18452957ms] [ERROR] Error fetching unread count: TypeError: Failed to fetch
    at eval (webpack-internal:///(app-pages-browser)/./src/components/notifications/NotificationDropdown.jsx:46:36)
    at eval (webpack-internal:///(app-pages-browser)/./src/components/notifications/NotificationDropdown.jsx:115:13) @ webpack-internal:///(app-pages-browser)/./node_modules/next/dist/client/app-index.js:32
[18482944ms] [ERROR] Failed to load resource: net::ERR_CONNECTION_REFUSED @ http://localhost:3000/api/notifications/unread-count:0
[18482944ms] [ERROR] Error fetching unread count: TypeError: Failed to fetch
    at eval (webpack-internal:///(app-pages-browser)/./src/components/notifications/NotificationDropdown.jsx:46:36)
    at eval (webpack-internal:///(app-pages-browser)/./src/components/notifications/NotificationDropdown.jsx:115:13) @ webpack-internal:///(app-pages-browser)/./node_modules/next/dist/client/app-index.js:32
[18512938ms] [ERROR] Failed to load resource: net::ERR_CONNECTION_REFUSED @ http://localhost:3000/api/notifications/unread-count:0
[18512938ms] [ERROR] Error fetching unread count: TypeError: Failed to fetch
    at eval (webpack-internal:///(app-pages-browser)/./src/components/notifications/NotificationDropdown.jsx:46:36)
    at eval (webpack-internal:///(app-pages-browser)/./src/components/notifications/NotificationDropdown.jsx:115:13) @ webpack-internal:///(app-pages-browser)/./node_modules/next/dist/client/app-index.js:32
[18542935ms] [ERROR] Failed to load resource: net::ERR_CONNECTION_REFUSED @ http://localhost:3000/api/notifications/unread-count:0
[18542935ms] [ERROR] Error fetching unread count: TypeError: Failed to fetch
    at eval (webpack-internal:///(app-pages-browser)/./src/components/notifications/NotificationDropdown.jsx:46:36)
    at eval (webpack-internal:///(app-pages-browser)/./src/components/notifications/NotificationDropdown.jsx:115:13) @ webpack-internal:///(app-pages-browser)/./node_modules/next/dist/client/app-index.js:32
[18572941ms] [ERROR] Failed to load resource: net::ERR_CONNECTION_REFUSED @ http://localhost:3000/api/notifications/unread-count:0
[18572941ms] [ERROR] Error fetching unread count: TypeError: Failed to fetch
    at eval (webpack-internal:///(app-pages-browser)/./src/components/notifications/NotificationDropdown.jsx:46:36)
    at eval (webpack-internal:///(app-pages-browser)/./src/components/notifications/NotificationDropdown.jsx:115:13) @ webpack-internal:///(app-pages-browser)/./node_modules/next/dist/client/app-index.js:32
[18602979ms] [ERROR] Failed to load resource: net::ERR_CONNECTION_REFUSED @ http://localhost:3000/api/notifications/unread-count:0
[18602979ms] [ERROR] Error fetching unread count: TypeError: Failed to fetch
    at eval (webpack-internal:///(app-pages-browser)/./src/components/notifications/NotificationDropdown.jsx:46:36)
    at eval (webpack-internal:///(app-pages-browser)/./src/components/notifications/NotificationDropdown.jsx:115:13) @ webpack-internal:///(app-pages-browser)/./node_modules/next/dist/client/app-index.js:32
[18632919ms] [ERROR] Failed to load resource: net::ERR_CONNECTION_REFUSED @ http://localhost:3000/api/notifications/unread-count:0
[18632919ms] [ERROR] Error fetching unread count: TypeError: Failed to fetch
    at eval (webpack-internal:///(app-pages-browser)/./src/components/notifications/NotificationDropdown.jsx:46:36)
    at eval (webpack-internal:///(app-pages-browser)/./src/components/notifications/NotificationDropdown.jsx:115:13) @ webpack-internal:///(app-pages-browser)/./node_modules/next/dist/client/app-index.js:32
[18662922ms] [ERROR] Failed to load resource: net::ERR_CONNECTION_REFUSED @ http://localhost:3000/api/notifications/unread-count:0
[18662922ms] [ERROR] Error fetching unread count: TypeError: Failed to fetch
    at eval (webpack-internal:///(app-pages-browser)/./src/components/notifications/NotificationDropdown.jsx:46:36)
    at eval (webpack-internal:///(app-pages-browser)/./src/components/notifications/NotificationDropdown.jsx:115:13) @ webpack-internal:///(app-pages-browser)/./node_modules/next/dist/client/app-index.js:32
[18692944ms] [ERROR] Failed to load resource: net::ERR_CONNECTION_REFUSED @ http://localhost:3000/api/notifications/unread-count:0
[18692944ms] [ERROR] Error fetching unread count: TypeError: Failed to fetch
    at eval (webpack-internal:///(app-pages-browser)/./src/components/notifications/NotificationDropdown.jsx:46:36)
    at eval (webpack-internal:///(app-pages-browser)/./src/components/notifications/NotificationDropdown.jsx:115:13) @ webpack-internal:///(app-pages-browser)/./node_modules/next/dist/client/app-index.js:32
[18722973ms] [ERROR] Failed to load resource: net::ERR_CONNECTION_REFUSED @ http://localhost:3000/api/notifications/unread-count:0
[18722973ms] [ERROR] Error fetching unread count: TypeError: Failed to fetch
    at eval (webpack-internal:///(app-pages-browser)/./src/components/notifications/NotificationDropdown.jsx:46:36)
    at eval (webpack-internal:///(app-pages-browser)/./src/components/notifications/NotificationDropdown.jsx:115:13) @ webpack-internal:///(app-pages-browser)/./node_modules/next/dist/client/app-index.js:32
[18752960ms] [ERROR] Failed to load resource: net::ERR_CONNECTION_REFUSED @ http://localhost:3000/api/notifications/unread-count:0
[18752960ms] [ERROR] Error fetching unread count: TypeError: Failed to fetch
    at eval (webpack-internal:///(app-pages-browser)/./src/components/notifications/NotificationDropdown.jsx:46:36)
    at eval (webpack-internal:///(app-pages-browser)/./src/components/notifications/NotificationDropdown.jsx:115:13) @ webpack-internal:///(app-pages-browser)/./node_modules/next/dist/client/app-index.js:32
[18782960ms] [ERROR] Failed to load resource: net::ERR_CONNECTION_REFUSED @ http://localhost:3000/api/notifications/unread-count:0
[18782960ms] [ERROR] Error fetching unread count: TypeError: Failed to fetch
    at eval (webpack-internal:///(app-pages-browser)/./src/components/notifications/NotificationDropdown.jsx:46:36)
    at eval (webpack-internal:///(app-pages-browser)/./src/components/notifications/NotificationDropdown.jsx:115:13) @ webpack-internal:///(app-pages-browser)/./node_modules/next/dist/client/app-index.js:32
[18812955ms] [ERROR] Failed to load resource: net::ERR_CONNECTION_REFUSED @ http://localhost:3000/api/notifications/unread-count:0
[18812955ms] [ERROR] Error fetching unread count: TypeError: Failed to fetch
    at eval (webpack-internal:///(app-pages-browser)/./src/components/notifications/NotificationDropdown.jsx:46:36)
    at eval (webpack-internal:///(app-pages-browser)/./src/components/notifications/NotificationDropdown.jsx:115:13) @ webpack-internal:///(app-pages-browser)/./node_modules/next/dist/client/app-index.js:32
[18842945ms] [ERROR] Failed to load resource: net::ERR_CONNECTION_REFUSED @ http://localhost:3000/api/notifications/unread-count:0
[18842945ms] [ERROR] Error fetching unread count: TypeError: Failed to fetch
    at eval (webpack-internal:///(app-pages-browser)/./src/components/notifications/NotificationDropdown.jsx:46:36)
    at eval (webpack-internal:///(app-pages-browser)/./src/components/notifications/NotificationDropdown.jsx:115:13) @ webpack-internal:///(app-pages-browser)/./node_modules/next/dist/client/app-index.js:32
[18872965ms] [ERROR] Failed to load resource: net::ERR_CONNECTION_REFUSED @ http://localhost:3000/api/notifications/unread-count:0
[18872965ms] [ERROR] Error fetching unread count: TypeError: Failed to fetch
    at eval (webpack-internal:///(app-pages-browser)/./src/components/notifications/NotificationDropdown.jsx:46:36)
    at eval (webpack-internal:///(app-pages-browser)/./src/components/notifications/NotificationDropdown.jsx:115:13) @ webpack-internal:///(app-pages-browser)/./node_modules/next/dist/client/app-index.js:32
[18902932ms] [ERROR] Failed to load resource: net::ERR_CONNECTION_REFUSED @ http://localhost:3000/api/notifications/unread-count:0
[18902932ms] [ERROR] Error fetching unread count: TypeError: Failed to fetch
    at eval (webpack-internal:///(app-pages-browser)/./src/components/notifications/NotificationDropdown.jsx:46:36)
    at eval (webpack-internal:///(app-pages-browser)/./src/components/notifications/NotificationDropdown.jsx:115:13) @ webpack-internal:///(app-pages-browser)/./node_modules/next/dist/client/app-index.js:32
[18932926ms] [ERROR] Failed to load resource: net::ERR_CONNECTION_REFUSED @ http://localhost:3000/api/notifications/unread-count:0
[18932926ms] [ERROR] Error fetching unread count: TypeError: Failed to fetch
    at eval (webpack-internal:///(app-pages-browser)/./src/components/notifications/NotificationDropdown.jsx:46:36)
    at eval (webpack-internal:///(app-pages-browser)/./src/components/notifications/NotificationDropdown.jsx:115:13) @ webpack-internal:///(app-pages-browser)/./node_modules/next/dist/client/app-index.js:32
[18962933ms] [ERROR] Failed to load resource: net::ERR_CONNECTION_REFUSED @ http://localhost:3000/api/notifications/unread-count:0
[18962933ms] [ERROR] Error fetching unread count: TypeError: Failed to fetch
    at eval (webpack-internal:///(app-pages-browser)/./src/components/notifications/NotificationDropdown.jsx:46:36)
    at eval (webpack-internal:///(app-pages-browser)/./src/components/notifications/NotificationDropdown.jsx:115:13) @ webpack-internal:///(app-pages-browser)/./node_modules/next/dist/client/app-index.js:32
[18992941ms] [ERROR] Failed to load resource: net::ERR_CONNECTION_REFUSED @ http://localhost:3000/api/notifications/unread-count:0
[18992941ms] [ERROR] Error fetching unread count: TypeError: Failed to fetch
    at eval (webpack-internal:///(app-pages-browser)/./src/components/notifications/NotificationDropdown.jsx:46:36)
    at eval (webpack-internal:///(app-pages-browser)/./src/components/notifications/NotificationDropdown.jsx:115:13) @ webpack-internal:///(app-pages-browser)/./node_modules/next/dist/client/app-index.js:32
[19022927ms] [ERROR] Failed to load resource: net::ERR_CONNECTION_REFUSED @ http://localhost:3000/api/notifications/unread-count:0
[19022927ms] [ERROR] Error fetching unread count: TypeError: Failed to fetch
    at eval (webpack-internal:///(app-pages-browser)/./src/components/notifications/NotificationDropdown.jsx:46:36)
    at eval (webpack-internal:///(app-pages-browser)/./src/components/notifications/NotificationDropdown.jsx:115:13) @ webpack-internal:///(app-pages-browser)/./node_modules/next/dist/client/app-index.js:32
[19052949ms] [ERROR] Failed to load resource: net::ERR_CONNECTION_REFUSED @ http://localhost:3000/api/notifications/unread-count:0
[19052949ms] [ERROR] Error fetching unread count: TypeError: Failed to fetch
    at eval (webpack-internal:///(app-pages-browser)/./src/components/notifications/NotificationDropdown.jsx:46:36)
    at eval (webpack-internal:///(app-pages-browser)/./src/components/notifications/NotificationDropdown.jsx:115:13) @ webpack-internal:///(app-pages-browser)/./node_modules/next/dist/client/app-index.js:32
[19082938ms] [ERROR] Failed to load resource: net::ERR_CONNECTION_REFUSED @ http://localhost:3000/api/notifications/unread-count:0
[19082938ms] [ERROR] Error fetching unread count: TypeError: Failed to fetch
    at eval (webpack-internal:///(app-pages-browser)/./src/components/notifications/NotificationDropdown.jsx:46:36)
    at eval (webpack-internal:///(app-pages-browser)/./src/components/notifications/NotificationDropdown.jsx:115:13) @ webpack-internal:///(app-pages-browser)/./node_modules/next/dist/client/app-index.js:32
[19112948ms] [ERROR] Failed to load resource: net::ERR_CONNECTION_REFUSED @ http://localhost:3000/api/notifications/unread-count:0
[19112948ms] [ERROR] Error fetching unread count: TypeError: Failed to fetch
    at eval (webpack-internal:///(app-pages-browser)/./src/components/notifications/NotificationDropdown.jsx:46:36)
    at eval (webpack-internal:///(app-pages-browser)/./src/components/notifications/NotificationDropdown.jsx:115:13) @ webpack-internal:///(app-pages-browser)/./node_modules/next/dist/client/app-index.js:32
[19142946ms] [ERROR] Failed to load resource: net::ERR_CONNECTION_REFUSED @ http://localhost:3000/api/notifications/unread-count:0
[19142946ms] [ERROR] Error fetching unread count: TypeError: Failed to fetch
    at eval (webpack-internal:///(app-pages-browser)/./src/components/notifications/NotificationDropdown.jsx:46:36)
    at eval (webpack-internal:///(app-pages-browser)/./src/components/notifications/NotificationDropdown.jsx:115:13) @ webpack-internal:///(app-pages-browser)/./node_modules/next/dist/client/app-index.js:32
[19172956ms] [ERROR] Failed to load resource: net::ERR_CONNECTION_REFUSED @ http://localhost:3000/api/notifications/unread-count:0
[19172957ms] [ERROR] Error fetching unread count: TypeError: Failed to fetch
    at eval (webpack-internal:///(app-pages-browser)/./src/components/notifications/NotificationDropdown.jsx:46:36)
    at eval (webpack-internal:///(app-pages-browser)/./src/components/notifications/NotificationDropdown.jsx:115:13) @ webpack-internal:///(app-pages-browser)/./node_modules/next/dist/client/app-index.js:32
[19202930ms] [ERROR] Failed to load resource: net::ERR_CONNECTION_REFUSED @ http://localhost:3000/api/notifications/unread-count:0
[19202930ms] [ERROR] Error fetching unread count: TypeError: Failed to fetch
    at eval (webpack-internal:///(app-pages-browser)/./src/components/notifications/NotificationDropdown.jsx:46:36)
    at eval (webpack-internal:///(app-pages-browser)/./src/components/notifications/NotificationDropdown.jsx:115:13) @ webpack-internal:///(app-pages-browser)/./node_modules/next/dist/client/app-index.js:32
[19232941ms] [ERROR] Failed to load resource: net::ERR_CONNECTION_REFUSED @ http://localhost:3000/api/notifications/unread-count:0
[19232941ms] [ERROR] Error fetching unread count: TypeError: Failed to fetch
    at eval (webpack-internal:///(app-pages-browser)/./src/components/notifications/NotificationDropdown.jsx:46:36)
    at eval (webpack-internal:///(app-pages-browser)/./src/components/notifications/NotificationDropdown.jsx:115:13) @ webpack-internal:///(app-pages-browser)/./node_modules/next/dist/client/app-index.js:32
[19262945ms] [ERROR] Failed to load resource: net::ERR_CONNECTION_REFUSED @ http://localhost:3000/api/notifications/unread-count:0
[19262945ms] [ERROR] Error fetching unread count: TypeError: Failed to fetch
    at eval (webpack-internal:///(app-pages-browser)/./src/components/notifications/NotificationDropdown.jsx:46:36)
    at eval (webpack-internal:///(app-pages-browser)/./src/components/notifications/NotificationDropdown.jsx:115:13) @ webpack-internal:///(app-pages-browser)/./node_modules/next/dist/client/app-index.js:32
[19292937ms] [ERROR] Failed to load resource: net::ERR_CONNECTION_REFUSED @ http://localhost:3000/api/notifications/unread-count:0
[19292937ms] [ERROR] Error fetching unread count: TypeError: Failed to fetch
    at eval (webpack-internal:///(app-pages-browser)/./src/components/notifications/NotificationDropdown.jsx:46:36)
    at eval (webpack-internal:///(app-pages-browser)/./src/components/notifications/NotificationDropdown.jsx:115:13) @ webpack-internal:///(app-pages-browser)/./node_modules/next/dist/client/app-index.js:32
[19322938ms] [ERROR] Failed to load resource: net::ERR_CONNECTION_REFUSED @ http://localhost:3000/api/notifications/unread-count:0
[19322938ms] [ERROR] Error fetching unread count: TypeError: Failed to fetch
    at eval (webpack-internal:///(app-pages-browser)/./src/components/notifications/NotificationDropdown.jsx:46:36)
    at eval (webpack-internal:///(app-pages-browser)/./src/components/notifications/NotificationDropdown.jsx:115:13) @ webpack-internal:///(app-pages-browser)/./node_modules/next/dist/client/app-index.js:32
[19352942ms] [ERROR] Failed to load resource: net::ERR_CONNECTION_REFUSED @ http://localhost:3000/api/notifications/unread-count:0
[19352942ms] [ERROR] Error fetching unread count: TypeError: Failed to fetch
    at eval (webpack-internal:///(app-pages-browser)/./src/components/notifications/NotificationDropdown.jsx:46:36)
    at eval (webpack-internal:///(app-pages-browser)/./src/components/notifications/NotificationDropdown.jsx:115:13) @ webpack-internal:///(app-pages-browser)/./node_modules/next/dist/client/app-index.js:32
[19382933ms] [ERROR] Failed to load resource: net::ERR_CONNECTION_REFUSED @ http://localhost:3000/api/notifications/unread-count:0
[19382933ms] [ERROR] Error fetching unread count: TypeError: Failed to fetch
    at eval (webpack-internal:///(app-pages-browser)/./src/components/notifications/NotificationDropdown.jsx:46:36)
    at eval (webpack-internal:///(app-pages-browser)/./src/components/notifications/NotificationDropdown.jsx:115:13) @ webpack-internal:///(app-pages-browser)/./node_modules/next/dist/client/app-index.js:32
[19412945ms] [ERROR] Failed to load resource: net::ERR_CONNECTION_REFUSED @ http://localhost:3000/api/notifications/unread-count:0
[19412945ms] [ERROR] Error fetching unread count: TypeError: Failed to fetch
    at eval (webpack-internal:///(app-pages-browser)/./src/components/notifications/NotificationDropdown.jsx:46:36)
    at eval (webpack-internal:///(app-pages-browser)/./src/components/notifications/NotificationDropdown.jsx:115:13) @ webpack-internal:///(app-pages-browser)/./node_modules/next/dist/client/app-index.js:32
[19442961ms] [ERROR] Failed to load resource: net::ERR_CONNECTION_REFUSED @ http://localhost:3000/api/notifications/unread-count:0
[19442961ms] [ERROR] Error fetching unread count: TypeError: Failed to fetch
    at eval (webpack-internal:///(app-pages-browser)/./src/components/notifications/NotificationDropdown.jsx:46:36)
    at eval (webpack-internal:///(app-pages-browser)/./src/components/notifications/NotificationDropdown.jsx:115:13) @ webpack-internal:///(app-pages-browser)/./node_modules/next/dist/client/app-index.js:32
[19472940ms] [ERROR] Failed to load resource: net::ERR_CONNECTION_REFUSED @ http://localhost:3000/api/notifications/unread-count:0
[19472940ms] [ERROR] Error fetching unread count: TypeError: Failed to fetch
    at eval (webpack-internal:///(app-pages-browser)/./src/components/notifications/NotificationDropdown.jsx:46:36)
    at eval (webpack-internal:///(app-pages-browser)/./src/components/notifications/NotificationDropdown.jsx:115:13) @ webpack-internal:///(app-pages-browser)/./node_modules/next/dist/client/app-index.js:32
[19502929ms] [ERROR] Failed to load resource: net::ERR_CONNECTION_REFUSED @ http://localhost:3000/api/notifications/unread-count:0
[19502930ms] [ERROR] Error fetching unread count: TypeError: Failed to fetch
    at eval (webpack-internal:///(app-pages-browser)/./src/components/notifications/NotificationDropdown.jsx:46:36)
    at eval (webpack-internal:///(app-pages-browser)/./src/components/notifications/NotificationDropdown.jsx:115:13) @ webpack-internal:///(app-pages-browser)/./node_modules/next/dist/client/app-index.js:32
[19532946ms] [ERROR] Failed to load resource: net::ERR_CONNECTION_REFUSED @ http://localhost:3000/api/notifications/unread-count:0
[19532947ms] [ERROR] Error fetching unread count: TypeError: Failed to fetch
    at eval (webpack-internal:///(app-pages-browser)/./src/components/notifications/NotificationDropdown.jsx:46:36)
    at eval (webpack-internal:///(app-pages-browser)/./src/components/notifications/NotificationDropdown.jsx:115:13) @ webpack-internal:///(app-pages-browser)/./node_modules/next/dist/client/app-index.js:32
[19562942ms] [ERROR] Failed to load resource: net::ERR_CONNECTION_REFUSED @ http://localhost:3000/api/notifications/unread-count:0
[19562942ms] [ERROR] Error fetching unread count: TypeError: Failed to fetch
    at eval (webpack-internal:///(app-pages-browser)/./src/components/notifications/NotificationDropdown.jsx:46:36)
    at eval (webpack-internal:///(app-pages-browser)/./src/components/notifications/NotificationDropdown.jsx:115:13) @ webpack-internal:///(app-pages-browser)/./node_modules/next/dist/client/app-index.js:32
[19592956ms] [ERROR] Failed to load resource: net::ERR_CONNECTION_REFUSED @ http://localhost:3000/api/notifications/unread-count:0
[19592956ms] [ERROR] Error fetching unread count: TypeError: Failed to fetch
    at eval (webpack-internal:///(app-pages-browser)/./src/components/notifications/NotificationDropdown.jsx:46:36)
    at eval (webpack-internal:///(app-pages-browser)/./src/components/notifications/NotificationDropdown.jsx:115:13) @ webpack-internal:///(app-pages-browser)/./node_modules/next/dist/client/app-index.js:32
[19622936ms] [ERROR] Failed to load resource: net::ERR_CONNECTION_REFUSED @ http://localhost:3000/api/notifications/unread-count:0
[19622936ms] [ERROR] Error fetching unread count: TypeError: Failed to fetch
    at eval (webpack-internal:///(app-pages-browser)/./src/components/notifications/NotificationDropdown.jsx:46:36)
    at eval (webpack-internal:///(app-pages-browser)/./src/components/notifications/NotificationDropdown.jsx:115:13) @ webpack-internal:///(app-pages-browser)/./node_modules/next/dist/client/app-index.js:32
[19652964ms] [ERROR] Failed to load resource: net::ERR_CONNECTION_REFUSED @ http://localhost:3000/api/notifications/unread-count:0
[19652964ms] [ERROR] Error fetching unread count: TypeError: Failed to fetch
    at eval (webpack-internal:///(app-pages-browser)/./src/components/notifications/NotificationDropdown.jsx:46:36)
    at eval (webpack-internal:///(app-pages-browser)/./src/components/notifications/NotificationDropdown.jsx:115:13) @ webpack-internal:///(app-pages-browser)/./node_modules/next/dist/client/app-index.js:32
[19682953ms] [ERROR] Failed to load resource: net::ERR_CONNECTION_REFUSED @ http://localhost:3000/api/notifications/unread-count:0
[19682953ms] [ERROR] Error fetching unread count: TypeError: Failed to fetch
    at eval (webpack-internal:///(app-pages-browser)/./src/components/notifications/NotificationDropdown.jsx:46:36)
    at eval (webpack-internal:///(app-pages-browser)/./src/components/notifications/NotificationDropdown.jsx:115:13) @ webpack-internal:///(app-pages-browser)/./node_modules/next/dist/client/app-index.js:32
[19712951ms] [ERROR] Failed to load resource: net::ERR_CONNECTION_REFUSED @ http://localhost:3000/api/notifications/unread-count:0
[19712951ms] [ERROR] Error fetching unread count: TypeError: Failed to fetch
    at eval (webpack-internal:///(app-pages-browser)/./src/components/notifications/NotificationDropdown.jsx:46:36)
    at eval (webpack-internal:///(app-pages-browser)/./src/components/notifications/NotificationDropdown.jsx:115:13) @ webpack-internal:///(app-pages-browser)/./node_modules/next/dist/client/app-index.js:32
[19742964ms] [ERROR] Failed to load resource: net::ERR_CONNECTION_REFUSED @ http://localhost:3000/api/notifications/unread-count:0
[19742964ms] [ERROR] Error fetching unread count: TypeError: Failed to fetch
    at eval (webpack-internal:///(app-pages-browser)/./src/components/notifications/NotificationDropdown.jsx:46:36)
    at eval (webpack-internal:///(app-pages-browser)/./src/components/notifications/NotificationDropdown.jsx:115:13) @ webpack-internal:///(app-pages-browser)/./node_modules/next/dist/client/app-index.js:32
[19772918ms] [ERROR] Failed to load resource: net::ERR_CONNECTION_REFUSED @ http://localhost:3000/api/notifications/unread-count:0
[19772918ms] [ERROR] Error fetching unread count: TypeError: Failed to fetch
    at eval (webpack-internal:///(app-pages-browser)/./src/components/notifications/NotificationDropdown.jsx:46:36)
    at eval (webpack-internal:///(app-pages-browser)/./src/components/notifications/NotificationDropdown.jsx:115:13) @ webpack-internal:///(app-pages-browser)/./node_modules/next/dist/client/app-index.js:32
[19802948ms] [ERROR] Failed to load resource: net::ERR_CONNECTION_REFUSED @ http://localhost:3000/api/notifications/unread-count:0
[19802948ms] [ERROR] Error fetching unread count: TypeError: Failed to fetch
    at eval (webpack-internal:///(app-pages-browser)/./src/components/notifications/NotificationDropdown.jsx:46:36)
    at eval (webpack-internal:///(app-pages-browser)/./src/components/notifications/NotificationDropdown.jsx:115:13) @ webpack-internal:///(app-pages-browser)/./node_modules/next/dist/client/app-index.js:32
[19832940ms] [ERROR] Failed to load resource: net::ERR_CONNECTION_REFUSED @ http://localhost:3000/api/notifications/unread-count:0
[19832940ms] [ERROR] Error fetching unread count: TypeError: Failed to fetch
    at eval (webpack-internal:///(app-pages-browser)/./src/components/notifications/NotificationDropdown.jsx:46:36)
    at eval (webpack-internal:///(app-pages-browser)/./src/components/notifications/NotificationDropdown.jsx:115:13) @ webpack-internal:///(app-pages-browser)/./node_modules/next/dist/client/app-index.js:32
[19862930ms] [ERROR] Failed to load resource: net::ERR_CONNECTION_REFUSED @ http://localhost:3000/api/notifications/unread-count:0
[19862930ms] [ERROR] Error fetching unread count: TypeError: Failed to fetch
    at eval (webpack-internal:///(app-pages-browser)/./src/components/notifications/NotificationDropdown.jsx:46:36)
    at eval (webpack-internal:///(app-pages-browser)/./src/components/notifications/NotificationDropdown.jsx:115:13) @ webpack-internal:///(app-pages-browser)/./node_modules/next/dist/client/app-index.js:32
[19892948ms] [ERROR] Failed to load resource: net::ERR_CONNECTION_REFUSED @ http://localhost:3000/api/notifications/unread-count:0
[19892948ms] [ERROR] Error fetching unread count: TypeError: Failed to fetch
    at eval (webpack-internal:///(app-pages-browser)/./src/components/notifications/NotificationDropdown.jsx:46:36)
    at eval (webpack-internal:///(app-pages-browser)/./src/components/notifications/NotificationDropdown.jsx:115:13) @ webpack-internal:///(app-pages-browser)/./node_modules/next/dist/client/app-index.js:32
[19922948ms] [ERROR] Failed to load resource: net::ERR_CONNECTION_REFUSED @ http://localhost:3000/api/notifications/unread-count:0
[19922948ms] [ERROR] Error fetching unread count: TypeError: Failed to fetch
    at eval (webpack-internal:///(app-pages-browser)/./src/components/notifications/NotificationDropdown.jsx:46:36)
    at eval (webpack-internal:///(app-pages-browser)/./src/components/notifications/NotificationDropdown.jsx:115:13) @ webpack-internal:///(app-pages-browser)/./node_modules/next/dist/client/app-index.js:32
[19952929ms] [ERROR] Failed to load resource: net::ERR_CONNECTION_REFUSED @ http://localhost:3000/api/notifications/unread-count:0
[19952929ms] [ERROR] Error fetching unread count: TypeError: Failed to fetch
    at eval (webpack-internal:///(app-pages-browser)/./src/components/notifications/NotificationDropdown.jsx:46:36)
    at eval (webpack-internal:///(app-pages-browser)/./src/components/notifications/NotificationDropdown.jsx:115:13) @ webpack-internal:///(app-pages-browser)/./node_modules/next/dist/client/app-index.js:32
[19982919ms] [ERROR] Failed to load resource: net::ERR_CONNECTION_REFUSED @ http://localhost:3000/api/notifications/unread-count:0
[19982919ms] [ERROR] Error fetching unread count: TypeError: Failed to fetch
    at eval (webpack-internal:///(app-pages-browser)/./src/components/notifications/NotificationDropdown.jsx:46:36)
    at eval (webpack-internal:///(app-pages-browser)/./src/components/notifications/NotificationDropdown.jsx:115:13) @ webpack-internal:///(app-pages-browser)/./node_modules/next/dist/client/app-index.js:32
[20012969ms] [ERROR] Failed to load resource: net::ERR_CONNECTION_REFUSED @ http://localhost:3000/api/notifications/unread-count:0
[20012969ms] [ERROR] Error fetching unread count: TypeError: Failed to fetch
    at eval (webpack-internal:///(app-pages-browser)/./src/components/notifications/NotificationDropdown.jsx:46:36)
    at eval (webpack-internal:///(app-pages-browser)/./src/components/notifications/NotificationDropdown.jsx:115:13) @ webpack-internal:///(app-pages-browser)/./node_modules/next/dist/client/app-index.js:32
[20042961ms] [ERROR] Failed to load resource: net::ERR_CONNECTION_REFUSED @ http://localhost:3000/api/notifications/unread-count:0
[20042961ms] [ERROR] Error fetching unread count: TypeError: Failed to fetch
    at eval (webpack-internal:///(app-pages-browser)/./src/components/notifications/NotificationDropdown.jsx:46:36)
    at eval (webpack-internal:///(app-pages-browser)/./src/components/notifications/NotificationDropdown.jsx:115:13) @ webpack-internal:///(app-pages-browser)/./node_modules/next/dist/client/app-index.js:32
[20072958ms] [ERROR] Failed to load resource: net::ERR_CONNECTION_REFUSED @ http://localhost:3000/api/notifications/unread-count:0
[20072958ms] [ERROR] Error fetching unread count: TypeError: Failed to fetch
    at eval (webpack-internal:///(app-pages-browser)/./src/components/notifications/NotificationDropdown.jsx:46:36)
    at eval (webpack-internal:///(app-pages-browser)/./src/components/notifications/NotificationDropdown.jsx:115:13) @ webpack-internal:///(app-pages-browser)/./node_modules/next/dist/client/app-index.js:32
[20102934ms] [ERROR] Failed to load resource: net::ERR_CONNECTION_REFUSED @ http://localhost:3000/api/notifications/unread-count:0
[20102934ms] [ERROR] Error fetching unread count: TypeError: Failed to fetch
    at eval (webpack-internal:///(app-pages-browser)/./src/components/notifications/NotificationDropdown.jsx:46:36)
    at eval (webpack-internal:///(app-pages-browser)/./src/components/notifications/NotificationDropdown.jsx:115:13) @ webpack-internal:///(app-pages-browser)/./node_modules/next/dist/client/app-index.js:32
[20132930ms] [ERROR] Failed to load resource: net::ERR_CONNECTION_REFUSED @ http://localhost:3000/api/notifications/unread-count:0
[20132930ms] [ERROR] Error fetching unread count: TypeError: Failed to fetch
    at eval (webpack-internal:///(app-pages-browser)/./src/components/notifications/NotificationDropdown.jsx:46:36)
    at eval (webpack-internal:///(app-pages-browser)/./src/components/notifications/NotificationDropdown.jsx:115:13) @ webpack-internal:///(app-pages-browser)/./node_modules/next/dist/client/app-index.js:32
[20162936ms] [ERROR] Failed to load resource: net::ERR_CONNECTION_REFUSED @ http://localhost:3000/api/notifications/unread-count:0
[20162936ms] [ERROR] Error fetching unread count: TypeError: Failed to fetch
    at eval (webpack-internal:///(app-pages-browser)/./src/components/notifications/NotificationDropdown.jsx:46:36)
    at eval (webpack-internal:///(app-pages-browser)/./src/components/notifications/NotificationDropdown.jsx:115:13) @ webpack-internal:///(app-pages-browser)/./node_modules/next/dist/client/app-index.js:32
[20192941ms] [ERROR] Failed to load resource: net::ERR_CONNECTION_REFUSED @ http://localhost:3000/api/notifications/unread-count:0
[20192941ms] [ERROR] Error fetching unread count: TypeError: Failed to fetch
    at eval (webpack-internal:///(app-pages-browser)/./src/components/notifications/NotificationDropdown.jsx:46:36)
    at eval (webpack-internal:///(app-pages-browser)/./src/components/notifications/NotificationDropdown.jsx:115:13) @ webpack-internal:///(app-pages-browser)/./node_modules/next/dist/client/app-index.js:32
[20222951ms] [ERROR] Failed to load resource: net::ERR_CONNECTION_REFUSED @ http://localhost:3000/api/notifications/unread-count:0
[20222951ms] [ERROR] Error fetching unread count: TypeError: Failed to fetch
    at eval (webpack-internal:///(app-pages-browser)/./src/components/notifications/NotificationDropdown.jsx:46:36)
    at eval (webpack-internal:///(app-pages-browser)/./src/components/notifications/NotificationDropdown.jsx:115:13) @ webpack-internal:///(app-pages-browser)/./node_modules/next/dist/client/app-index.js:32
[20252939ms] [ERROR] Failed to load resource: net::ERR_CONNECTION_REFUSED @ http://localhost:3000/api/notifications/unread-count:0
[20252939ms] [ERROR] Error fetching unread count: TypeError: Failed to fetch
    at eval (webpack-internal:///(app-pages-browser)/./src/components/notifications/NotificationDropdown.jsx:46:36)
    at eval (webpack-internal:///(app-pages-browser)/./src/components/notifications/NotificationDropdown.jsx:115:13) @ webpack-internal:///(app-pages-browser)/./node_modules/next/dist/client/app-index.js:32
[20282954ms] [ERROR] Failed to load resource: net::ERR_CONNECTION_REFUSED @ http://localhost:3000/api/notifications/unread-count:0
[20282954ms] [ERROR] Error fetching unread count: TypeError: Failed to fetch
    at eval (webpack-internal:///(app-pages-browser)/./src/components/notifications/NotificationDropdown.jsx:46:36)
    at eval (webpack-internal:///(app-pages-browser)/./src/components/notifications/NotificationDropdown.jsx:115:13) @ webpack-internal:///(app-pages-browser)/./node_modules/next/dist/client/app-index.js:32
[20312939ms] [ERROR] Failed to load resource: net::ERR_CONNECTION_REFUSED @ http://localhost:3000/api/notifications/unread-count:0
[20312939ms] [ERROR] Error fetching unread count: TypeError: Failed to fetch
    at eval (webpack-internal:///(app-pages-browser)/./src/components/notifications/NotificationDropdown.jsx:46:36)
    at eval (webpack-internal:///(app-pages-browser)/./src/components/notifications/NotificationDropdown.jsx:115:13) @ webpack-internal:///(app-pages-browser)/./node_modules/next/dist/client/app-index.js:32
[20342939ms] [ERROR] Failed to load resource: net::ERR_CONNECTION_REFUSED @ http://localhost:3000/api/notifications/unread-count:0
[20342939ms] [ERROR] Error fetching unread count: TypeError: Failed to fetch
    at eval (webpack-internal:///(app-pages-browser)/./src/components/notifications/NotificationDropdown.jsx:46:36)
    at eval (webpack-internal:///(app-pages-browser)/./src/components/notifications/NotificationDropdown.jsx:115:13) @ webpack-internal:///(app-pages-browser)/./node_modules/next/dist/client/app-index.js:32
[20372923ms] [ERROR] Failed to load resource: net::ERR_CONNECTION_REFUSED @ http://localhost:3000/api/notifications/unread-count:0
[20372923ms] [ERROR] Error fetching unread count: TypeError: Failed to fetch
    at eval (webpack-internal:///(app-pages-browser)/./src/components/notifications/NotificationDropdown.jsx:46:36)
    at eval (webpack-internal:///(app-pages-browser)/./src/components/notifications/NotificationDropdown.jsx:115:13) @ webpack-internal:///(app-pages-browser)/./node_modules/next/dist/client/app-index.js:32
[20402927ms] [ERROR] Failed to load resource: net::ERR_CONNECTION_REFUSED @ http://localhost:3000/api/notifications/unread-count:0
[20402927ms] [ERROR] Error fetching unread count: TypeError: Failed to fetch
    at eval (webpack-internal:///(app-pages-browser)/./src/components/notifications/NotificationDropdown.jsx:46:36)
    at eval (webpack-internal:///(app-pages-browser)/./src/components/notifications/NotificationDropdown.jsx:115:13) @ webpack-internal:///(app-pages-browser)/./node_modules/next/dist/client/app-index.js:32
[20432953ms] [ERROR] Failed to load resource: net::ERR_CONNECTION_REFUSED @ http://localhost:3000/api/notifications/unread-count:0
[20432953ms] [ERROR] Error fetching unread count: TypeError: Failed to fetch
    at eval (webpack-internal:///(app-pages-browser)/./src/components/notifications/NotificationDropdown.jsx:46:36)
    at eval (webpack-internal:///(app-pages-browser)/./src/components/notifications/NotificationDropdown.jsx:115:13) @ webpack-internal:///(app-pages-browser)/./node_modules/next/dist/client/app-index.js:32
[20462945ms] [ERROR] Failed to load resource: net::ERR_CONNECTION_REFUSED @ http://localhost:3000/api/notifications/unread-count:0
[20462945ms] [ERROR] Error fetching unread count: TypeError: Failed to fetch
    at eval (webpack-internal:///(app-pages-browser)/./src/components/notifications/NotificationDropdown.jsx:46:36)
    at eval (webpack-internal:///(app-pages-browser)/./src/components/notifications/NotificationDropdown.jsx:115:13) @ webpack-internal:///(app-pages-browser)/./node_modules/next/dist/client/app-index.js:32
[20492937ms] [ERROR] Failed to load resource: net::ERR_CONNECTION_REFUSED @ http://localhost:3000/api/notifications/unread-count:0
[20492937ms] [ERROR] Error fetching unread count: TypeError: Failed to fetch
    at eval (webpack-internal:///(app-pages-browser)/./src/components/notifications/NotificationDropdown.jsx:46:36)
    at eval (webpack-internal:///(app-pages-browser)/./src/components/notifications/NotificationDropdown.jsx:115:13) @ webpack-internal:///(app-pages-browser)/./node_modules/next/dist/client/app-index.js:32
[20522954ms] [ERROR] Failed to load resource: net::ERR_CONNECTION_REFUSED @ http://localhost:3000/api/notifications/unread-count:0
[20522954ms] [ERROR] Error fetching unread count: TypeError: Failed to fetch
    at eval (webpack-internal:///(app-pages-browser)/./src/components/notifications/NotificationDropdown.jsx:46:36)
    at eval (webpack-internal:///(app-pages-browser)/./src/components/notifications/NotificationDropdown.jsx:115:13) @ webpack-internal:///(app-pages-browser)/./node_modules/next/dist/client/app-index.js:32
[20552950ms] [ERROR] Failed to load resource: net::ERR_CONNECTION_REFUSED @ http://localhost:3000/api/notifications/unread-count:0
[20552950ms] [ERROR] Error fetching unread count: TypeError: Failed to fetch
    at eval (webpack-internal:///(app-pages-browser)/./src/components/notifications/NotificationDropdown.jsx:46:36)
    at eval (webpack-internal:///(app-pages-browser)/./src/components/notifications/NotificationDropdown.jsx:115:13) @ webpack-internal:///(app-pages-browser)/./node_modules/next/dist/client/app-index.js:32
[20582950ms] [ERROR] Failed to load resource: net::ERR_CONNECTION_REFUSED @ http://localhost:3000/api/notifications/unread-count:0
[20582950ms] [ERROR] Error fetching unread count: TypeError: Failed to fetch
    at eval (webpack-internal:///(app-pages-browser)/./src/components/notifications/NotificationDropdown.jsx:46:36)
    at eval (webpack-internal:///(app-pages-browser)/./src/components/notifications/NotificationDropdown.jsx:115:13) @ webpack-internal:///(app-pages-browser)/./node_modules/next/dist/client/app-index.js:32
[20612940ms] [ERROR] Failed to load resource: net::ERR_CONNECTION_REFUSED @ http://localhost:3000/api/notifications/unread-count:0
[20612941ms] [ERROR] Error fetching unread count: TypeError: Failed to fetch
    at eval (webpack-internal:///(app-pages-browser)/./src/components/notifications/NotificationDropdown.jsx:46:36)
    at eval (webpack-internal:///(app-pages-browser)/./src/components/notifications/NotificationDropdown.jsx:115:13) @ webpack-internal:///(app-pages-browser)/./node_modules/next/dist/client/app-index.js:32
[20642954ms] [ERROR] Failed to load resource: net::ERR_CONNECTION_REFUSED @ http://localhost:3000/api/notifications/unread-count:0
[20642955ms] [ERROR] Error fetching unread count: TypeError: Failed to fetch
    at eval (webpack-internal:///(app-pages-browser)/./src/components/notifications/NotificationDropdown.jsx:46:36)
    at eval (webpack-internal:///(app-pages-browser)/./src/components/notifications/NotificationDropdown.jsx:115:13) @ webpack-internal:///(app-pages-browser)/./node_modules/next/dist/client/app-index.js:32
[20672945ms] [ERROR] Failed to load resource: net::ERR_CONNECTION_REFUSED @ http://localhost:3000/api/notifications/unread-count:0
[20672945ms] [ERROR] Error fetching unread count: TypeError: Failed to fetch
    at eval (webpack-internal:///(app-pages-browser)/./src/components/notifications/NotificationDropdown.jsx:46:36)
    at eval (webpack-internal:///(app-pages-browser)/./src/components/notifications/NotificationDropdown.jsx:115:13) @ webpack-internal:///(app-pages-browser)/./node_modules/next/dist/client/app-index.js:32
[20702964ms] [ERROR] Failed to load resource: net::ERR_CONNECTION_REFUSED @ http://localhost:3000/api/notifications/unread-count:0
[20702964ms] [ERROR] Error fetching unread count: TypeError: Failed to fetch
    at eval (webpack-internal:///(app-pages-browser)/./src/components/notifications/NotificationDropdown.jsx:46:36)
    at eval (webpack-internal:///(app-pages-browser)/./src/components/notifications/NotificationDropdown.jsx:115:13) @ webpack-internal:///(app-pages-browser)/./node_modules/next/dist/client/app-index.js:32
[20732932ms] [ERROR] Failed to load resource: net::ERR_CONNECTION_REFUSED @ http://localhost:3000/api/notifications/unread-count:0
[20732932ms] [ERROR] Error fetching unread count: TypeError: Failed to fetch
    at eval (webpack-internal:///(app-pages-browser)/./src/components/notifications/NotificationDropdown.jsx:46:36)
    at eval (webpack-internal:///(app-pages-browser)/./src/components/notifications/NotificationDropdown.jsx:115:13) @ webpack-internal:///(app-pages-browser)/./node_modules/next/dist/client/app-index.js:32
[20762933ms] [ERROR] Failed to load resource: net::ERR_CONNECTION_REFUSED @ http://localhost:3000/api/notifications/unread-count:0
[20762933ms] [ERROR] Error fetching unread count: TypeError: Failed to fetch
    at eval (webpack-internal:///(app-pages-browser)/./src/components/notifications/NotificationDropdown.jsx:46:36)
    at eval (webpack-internal:///(app-pages-browser)/./src/components/notifications/NotificationDropdown.jsx:115:13) @ webpack-internal:///(app-pages-browser)/./node_modules/next/dist/client/app-index.js:32
[20792963ms] [ERROR] Failed to load resource: net::ERR_CONNECTION_REFUSED @ http://localhost:3000/api/notifications/unread-count:0
[20792963ms] [ERROR] Error fetching unread count: TypeError: Failed to fetch
    at eval (webpack-internal:///(app-pages-browser)/./src/components/notifications/NotificationDropdown.jsx:46:36)
    at eval (webpack-internal:///(app-pages-browser)/./src/components/notifications/NotificationDropdown.jsx:115:13) @ webpack-internal:///(app-pages-browser)/./node_modules/next/dist/client/app-index.js:32
[20822932ms] [ERROR] Failed to load resource: net::ERR_CONNECTION_REFUSED @ http://localhost:3000/api/notifications/unread-count:0
[20822932ms] [ERROR] Error fetching unread count: TypeError: Failed to fetch
    at eval (webpack-internal:///(app-pages-browser)/./src/components/notifications/NotificationDropdown.jsx:46:36)
    at eval (webpack-internal:///(app-pages-browser)/./src/components/notifications/NotificationDropdown.jsx:115:13) @ webpack-internal:///(app-pages-browser)/./node_modules/next/dist/client/app-index.js:32
[20852934ms] [ERROR] Failed to load resource: net::ERR_CONNECTION_REFUSED @ http://localhost:3000/api/notifications/unread-count:0
[20852934ms] [ERROR] Error fetching unread count: TypeError: Failed to fetch
    at eval (webpack-internal:///(app-pages-browser)/./src/components/notifications/NotificationDropdown.jsx:46:36)
    at eval (webpack-internal:///(app-pages-browser)/./src/components/notifications/NotificationDropdown.jsx:115:13) @ webpack-internal:///(app-pages-browser)/./node_modules/next/dist/client/app-index.js:32
[20882932ms] [ERROR] Failed to load resource: net::ERR_CONNECTION_REFUSED @ http://localhost:3000/api/notifications/unread-count:0
[20882932ms] [ERROR] Error fetching unread count: TypeError: Failed to fetch
    at eval (webpack-internal:///(app-pages-browser)/./src/components/notifications/NotificationDropdown.jsx:46:36)
    at eval (webpack-internal:///(app-pages-browser)/./src/components/notifications/NotificationDropdown.jsx:115:13) @ webpack-internal:///(app-pages-browser)/./node_modules/next/dist/client/app-index.js:32
[20912950ms] [ERROR] Failed to load resource: net::ERR_CONNECTION_REFUSED @ http://localhost:3000/api/notifications/unread-count:0
[20912950ms] [ERROR] Error fetching unread count: TypeError: Failed to fetch
    at eval (webpack-internal:///(app-pages-browser)/./src/components/notifications/NotificationDropdown.jsx:46:36)
    at eval (webpack-internal:///(app-pages-browser)/./src/components/notifications/NotificationDropdown.jsx:115:13) @ webpack-internal:///(app-pages-browser)/./node_modules/next/dist/client/app-index.js:32
[20942955ms] [ERROR] Failed to load resource: net::ERR_CONNECTION_REFUSED @ http://localhost:3000/api/notifications/unread-count:0
[20942955ms] [ERROR] Error fetching unread count: TypeError: Failed to fetch
    at eval (webpack-internal:///(app-pages-browser)/./src/components/notifications/NotificationDropdown.jsx:46:36)
    at eval (webpack-internal:///(app-pages-browser)/./src/components/notifications/NotificationDropdown.jsx:115:13) @ webpack-internal:///(app-pages-browser)/./node_modules/next/dist/client/app-index.js:32
[20972946ms] [ERROR] Failed to load resource: net::ERR_CONNECTION_REFUSED @ http://localhost:3000/api/notifications/unread-count:0
[20972946ms] [ERROR] Error fetching unread count: TypeError: Failed to fetch
    at eval (webpack-internal:///(app-pages-browser)/./src/components/notifications/NotificationDropdown.jsx:46:36)
    at eval (webpack-internal:///(app-pages-browser)/./src/components/notifications/NotificationDropdown.jsx:115:13) @ webpack-internal:///(app-pages-browser)/./node_modules/next/dist/client/app-index.js:32
[21002947ms] [ERROR] Failed to load resource: net::ERR_CONNECTION_REFUSED @ http://localhost:3000/api/notifications/unread-count:0
[21002947ms] [ERROR] Error fetching unread count: TypeError: Failed to fetch
    at eval (webpack-internal:///(app-pages-browser)/./src/components/notifications/NotificationDropdown.jsx:46:36)
    at eval (webpack-internal:///(app-pages-browser)/./src/components/notifications/NotificationDropdown.jsx:115:13) @ webpack-internal:///(app-pages-browser)/./node_modules/next/dist/client/app-index.js:32
[21032935ms] [ERROR] Failed to load resource: net::ERR_CONNECTION_REFUSED @ http://localhost:3000/api/notifications/unread-count:0
[21032935ms] [ERROR] Error fetching unread count: TypeError: Failed to fetch
    at eval (webpack-internal:///(app-pages-browser)/./src/components/notifications/NotificationDropdown.jsx:46:36)
    at eval (webpack-internal:///(app-pages-browser)/./src/components/notifications/NotificationDropdown.jsx:115:13) @ webpack-internal:///(app-pages-browser)/./node_modules/next/dist/client/app-index.js:32
[21062951ms] [ERROR] Failed to load resource: net::ERR_CONNECTION_REFUSED @ http://localhost:3000/api/notifications/unread-count:0
[21062951ms] [ERROR] Error fetching unread count: TypeError: Failed to fetch
    at eval (webpack-internal:///(app-pages-browser)/./src/components/notifications/NotificationDropdown.jsx:46:36)
    at eval (webpack-internal:///(app-pages-browser)/./src/components/notifications/NotificationDropdown.jsx:115:13) @ webpack-internal:///(app-pages-browser)/./node_modules/next/dist/client/app-index.js:32
[21092960ms] [ERROR] Failed to load resource: net::ERR_CONNECTION_REFUSED @ http://localhost:3000/api/notifications/unread-count:0
[21092960ms] [ERROR] Error fetching unread count: TypeError: Failed to fetch
    at eval (webpack-internal:///(app-pages-browser)/./src/components/notifications/NotificationDropdown.jsx:46:36)
    at eval (webpack-internal:///(app-pages-browser)/./src/components/notifications/NotificationDropdown.jsx:115:13) @ webpack-internal:///(app-pages-browser)/./node_modules/next/dist/client/app-index.js:32
[21122930ms] [ERROR] Failed to load resource: net::ERR_CONNECTION_REFUSED @ http://localhost:3000/api/notifications/unread-count:0
[21122930ms] [ERROR] Error fetching unread count: TypeError: Failed to fetch
    at eval (webpack-internal:///(app-pages-browser)/./src/components/notifications/NotificationDropdown.jsx:46:36)
    at eval (webpack-internal:///(app-pages-browser)/./src/components/notifications/NotificationDropdown.jsx:115:13) @ webpack-internal:///(app-pages-browser)/./node_modules/next/dist/client/app-index.js:32
[21152934ms] [ERROR] Failed to load resource: net::ERR_CONNECTION_REFUSED @ http://localhost:3000/api/notifications/unread-count:0
[21152934ms] [ERROR] Error fetching unread count: TypeError: Failed to fetch
    at eval (webpack-internal:///(app-pages-browser)/./src/components/notifications/NotificationDropdown.jsx:46:36)
    at eval (webpack-internal:///(app-pages-browser)/./src/components/notifications/NotificationDropdown.jsx:115:13) @ webpack-internal:///(app-pages-browser)/./node_modules/next/dist/client/app-index.js:32
[21182943ms] [ERROR] Failed to load resource: net::ERR_CONNECTION_REFUSED @ http://localhost:3000/api/notifications/unread-count:0
[21182943ms] [ERROR] Error fetching unread count: TypeError: Failed to fetch
    at eval (webpack-internal:///(app-pages-browser)/./src/components/notifications/NotificationDropdown.jsx:46:36)
    at eval (webpack-internal:///(app-pages-browser)/./src/components/notifications/NotificationDropdown.jsx:115:13) @ webpack-internal:///(app-pages-browser)/./node_modules/next/dist/client/app-index.js:32
[21212942ms] [ERROR] Failed to load resource: net::ERR_CONNECTION_REFUSED @ http://localhost:3000/api/notifications/unread-count:0
[21212942ms] [ERROR] Error fetching unread count: TypeError: Failed to fetch
    at eval (webpack-internal:///(app-pages-browser)/./src/components/notifications/NotificationDropdown.jsx:46:36)
    at eval (webpack-internal:///(app-pages-browser)/./src/components/notifications/NotificationDropdown.jsx:115:13) @ webpack-internal:///(app-pages-browser)/./node_modules/next/dist/client/app-index.js:32
[21242937ms] [ERROR] Failed to load resource: net::ERR_CONNECTION_REFUSED @ http://localhost:3000/api/notifications/unread-count:0
[21242937ms] [ERROR] Error fetching unread count: TypeError: Failed to fetch
    at eval (webpack-internal:///(app-pages-browser)/./src/components/notifications/NotificationDropdown.jsx:46:36)
    at eval (webpack-internal:///(app-pages-browser)/./src/components/notifications/NotificationDropdown.jsx:115:13) @ webpack-internal:///(app-pages-browser)/./node_modules/next/dist/client/app-index.js:32
[21272926ms] [ERROR] Failed to load resource: net::ERR_CONNECTION_REFUSED @ http://localhost:3000/api/notifications/unread-count:0
[21272926ms] [ERROR] Error fetching unread count: TypeError: Failed to fetch
    at eval (webpack-internal:///(app-pages-browser)/./src/components/notifications/NotificationDropdown.jsx:46:36)
    at eval (webpack-internal:///(app-pages-browser)/./src/components/notifications/NotificationDropdown.jsx:115:13) @ webpack-internal:///(app-pages-browser)/./node_modules/next/dist/client/app-index.js:32
[21302945ms] [ERROR] Failed to load resource: net::ERR_CONNECTION_REFUSED @ http://localhost:3000/api/notifications/unread-count:0
[21302945ms] [ERROR] Error fetching unread count: TypeError: Failed to fetch
    at eval (webpack-internal:///(app-pages-browser)/./src/components/notifications/NotificationDropdown.jsx:46:36)
    at eval (webpack-internal:///(app-pages-browser)/./src/components/notifications/NotificationDropdown.jsx:115:13) @ webpack-internal:///(app-pages-browser)/./node_modules/next/dist/client/app-index.js:32
[21332946ms] [ERROR] Failed to load resource: net::ERR_CONNECTION_REFUSED @ http://localhost:3000/api/notifications/unread-count:0
[21332946ms] [ERROR] Error fetching unread count: TypeError: Failed to fetch
    at eval (webpack-internal:///(app-pages-browser)/./src/components/notifications/NotificationDropdown.jsx:46:36)
    at eval (webpack-internal:///(app-pages-browser)/./src/components/notifications/NotificationDropdown.jsx:115:13) @ webpack-internal:///(app-pages-browser)/./node_modules/next/dist/client/app-index.js:32
[21362951ms] [ERROR] Failed to load resource: net::ERR_CONNECTION_REFUSED @ http://localhost:3000/api/notifications/unread-count:0
[21362951ms] [ERROR] Error fetching unread count: TypeError: Failed to fetch
    at eval (webpack-internal:///(app-pages-browser)/./src/components/notifications/NotificationDropdown.jsx:46:36)
    at eval (webpack-internal:///(app-pages-browser)/./src/components/notifications/NotificationDropdown.jsx:115:13) @ webpack-internal:///(app-pages-browser)/./node_modules/next/dist/client/app-index.js:32
[21392930ms] [ERROR] Failed to load resource: net::ERR_CONNECTION_REFUSED @ http://localhost:3000/api/notifications/unread-count:0
[21392930ms] [ERROR] Error fetching unread count: TypeError: Failed to fetch
    at eval (webpack-internal:///(app-pages-browser)/./src/components/notifications/NotificationDropdown.jsx:46:36)
    at eval (webpack-internal:///(app-pages-browser)/./src/components/notifications/NotificationDropdown.jsx:115:13) @ webpack-internal:///(app-pages-browser)/./node_modules/next/dist/client/app-index.js:32
[21422959ms] [ERROR] Failed to load resource: net::ERR_CONNECTION_REFUSED @ http://localhost:3000/api/notifications/unread-count:0
[21422959ms] [ERROR] Error fetching unread count: TypeError: Failed to fetch
    at eval (webpack-internal:///(app-pages-browser)/./src/components/notifications/NotificationDropdown.jsx:46:36)
    at eval (webpack-internal:///(app-pages-browser)/./src/components/notifications/NotificationDropdown.jsx:115:13) @ webpack-internal:///(app-pages-browser)/./node_modules/next/dist/client/app-index.js:32
[21452934ms] [ERROR] Failed to load resource: net::ERR_CONNECTION_REFUSED @ http://localhost:3000/api/notifications/unread-count:0
[21452934ms] [ERROR] Error fetching unread count: TypeError: Failed to fetch
    at eval (webpack-internal:///(app-pages-browser)/./src/components/notifications/NotificationDropdown.jsx:46:36)
    at eval (webpack-internal:///(app-pages-browser)/./src/components/notifications/NotificationDropdown.jsx:115:13) @ webpack-internal:///(app-pages-browser)/./node_modules/next/dist/client/app-index.js:32
[21482947ms] [ERROR] Failed to load resource: net::ERR_CONNECTION_REFUSED @ http://localhost:3000/api/notifications/unread-count:0
[21482947ms] [ERROR] Error fetching unread count: TypeError: Failed to fetch
    at eval (webpack-internal:///(app-pages-browser)/./src/components/notifications/NotificationDropdown.jsx:46:36)
    at eval (webpack-internal:///(app-pages-browser)/./src/components/notifications/NotificationDropdown.jsx:115:13) @ webpack-internal:///(app-pages-browser)/./node_modules/next/dist/client/app-index.js:32
[21512943ms] [ERROR] Failed to load resource: net::ERR_CONNECTION_REFUSED @ http://localhost:3000/api/notifications/unread-count:0
[21512943ms] [ERROR] Error fetching unread count: TypeError: Failed to fetch
    at eval (webpack-internal:///(app-pages-browser)/./src/components/notifications/NotificationDropdown.jsx:46:36)
    at eval (webpack-internal:///(app-pages-browser)/./src/components/notifications/NotificationDropdown.jsx:115:13) @ webpack-internal:///(app-pages-browser)/./node_modules/next/dist/client/app-index.js:32
[21542976ms] [ERROR] Failed to load resource: net::ERR_CONNECTION_REFUSED @ http://localhost:3000/api/notifications/unread-count:0
[21542976ms] [ERROR] Error fetching unread count: TypeError: Failed to fetch
    at eval (webpack-internal:///(app-pages-browser)/./src/components/notifications/NotificationDropdown.jsx:46:36)
    at eval (webpack-internal:///(app-pages-browser)/./src/components/notifications/NotificationDropdown.jsx:115:13) @ webpack-internal:///(app-pages-browser)/./node_modules/next/dist/client/app-index.js:32
[21572938ms] [ERROR] Failed to load resource: net::ERR_CONNECTION_REFUSED @ http://localhost:3000/api/notifications/unread-count:0
[21572938ms] [ERROR] Error fetching unread count: TypeError: Failed to fetch
    at eval (webpack-internal:///(app-pages-browser)/./src/components/notifications/NotificationDropdown.jsx:46:36)
    at eval (webpack-internal:///(app-pages-browser)/./src/components/notifications/NotificationDropdown.jsx:115:13) @ webpack-internal:///(app-pages-browser)/./node_modules/next/dist/client/app-index.js:32
[21602937ms] [ERROR] Failed to load resource: net::ERR_CONNECTION_REFUSED @ http://localhost:3000/api/notifications/unread-count:0
[21602937ms] [ERROR] Error fetching unread count: TypeError: Failed to fetch
    at eval (webpack-internal:///(app-pages-browser)/./src/components/notifications/NotificationDropdown.jsx:46:36)
    at eval (webpack-internal:///(app-pages-browser)/./src/components/notifications/NotificationDropdown.jsx:115:13) @ webpack-internal:///(app-pages-browser)/./node_modules/next/dist/client/app-index.js:32
[21632949ms] [ERROR] Failed to load resource: net::ERR_CONNECTION_REFUSED @ http://localhost:3000/api/notifications/unread-count:0
[21632949ms] [ERROR] Error fetching unread count: TypeError: Failed to fetch
    at eval (webpack-internal:///(app-pages-browser)/./src/components/notifications/NotificationDropdown.jsx:46:36)
    at eval (webpack-internal:///(app-pages-browser)/./src/components/notifications/NotificationDropdown.jsx:115:13) @ webpack-internal:///(app-pages-browser)/./node_modules/next/dist/client/app-index.js:32
[21662924ms] [ERROR] Failed to load resource: net::ERR_CONNECTION_REFUSED @ http://localhost:3000/api/notifications/unread-count:0
[21662924ms] [ERROR] Error fetching unread count: TypeError: Failed to fetch
    at eval (webpack-internal:///(app-pages-browser)/./src/components/notifications/NotificationDropdown.jsx:46:36)
    at eval (webpack-internal:///(app-pages-browser)/./src/components/notifications/NotificationDropdown.jsx:115:13) @ webpack-internal:///(app-pages-browser)/./node_modules/next/dist/client/app-index.js:32
[21692942ms] [ERROR] Failed to load resource: net::ERR_CONNECTION_REFUSED @ http://localhost:3000/api/notifications/unread-count:0
[21692942ms] [ERROR] Error fetching unread count: TypeError: Failed to fetch
    at eval (webpack-internal:///(app-pages-browser)/./src/components/notifications/NotificationDropdown.jsx:46:36)
    at eval (webpack-internal:///(app-pages-browser)/./src/components/notifications/NotificationDropdown.jsx:115:13) @ webpack-internal:///(app-pages-browser)/./node_modules/next/dist/client/app-index.js:32
[21722928ms] [ERROR] Failed to load resource: net::ERR_CONNECTION_REFUSED @ http://localhost:3000/api/notifications/unread-count:0
[21722928ms] [ERROR] Error fetching unread count: TypeError: Failed to fetch
    at eval (webpack-internal:///(app-pages-browser)/./src/components/notifications/NotificationDropdown.jsx:46:36)
    at eval (webpack-internal:///(app-pages-browser)/./src/components/notifications/NotificationDropdown.jsx:115:13) @ webpack-internal:///(app-pages-browser)/./node_modules/next/dist/client/app-index.js:32
[21752942ms] [ERROR] Failed to load resource: net::ERR_CONNECTION_REFUSED @ http://localhost:3000/api/notifications/unread-count:0
[21752942ms] [ERROR] Error fetching unread count: TypeError: Failed to fetch
    at eval (webpack-internal:///(app-pages-browser)/./src/components/notifications/NotificationDropdown.jsx:46:36)
    at eval (webpack-internal:///(app-pages-browser)/./src/components/notifications/NotificationDropdown.jsx:115:13) @ webpack-internal:///(app-pages-browser)/./node_modules/next/dist/client/app-index.js:32
[21782961ms] [ERROR] Failed to load resource: net::ERR_CONNECTION_REFUSED @ http://localhost:3000/api/notifications/unread-count:0
[21782962ms] [ERROR] Error fetching unread count: TypeError: Failed to fetch
    at eval (webpack-internal:///(app-pages-browser)/./src/components/notifications/NotificationDropdown.jsx:46:36)
    at eval (webpack-internal:///(app-pages-browser)/./src/components/notifications/NotificationDropdown.jsx:115:13) @ webpack-internal:///(app-pages-browser)/./node_modules/next/dist/client/app-index.js:32
[21812968ms] [ERROR] Failed to load resource: net::ERR_CONNECTION_REFUSED @ http://localhost:3000/api/notifications/unread-count:0
[21812968ms] [ERROR] Error fetching unread count: TypeError: Failed to fetch
    at eval (webpack-internal:///(app-pages-browser)/./src/components/notifications/NotificationDropdown.jsx:46:36)
    at eval (webpack-internal:///(app-pages-browser)/./src/components/notifications/NotificationDropdown.jsx:115:13) @ webpack-internal:///(app-pages-browser)/./node_modules/next/dist/client/app-index.js:32
[21842949ms] [ERROR] Failed to load resource: net::ERR_CONNECTION_REFUSED @ http://localhost:3000/api/notifications/unread-count:0
[21842949ms] [ERROR] Error fetching unread count: TypeError: Failed to fetch
    at eval (webpack-internal:///(app-pages-browser)/./src/components/notifications/NotificationDropdown.jsx:46:36)
    at eval (webpack-internal:///(app-pages-browser)/./src/components/notifications/NotificationDropdown.jsx:115:13) @ webpack-internal:///(app-pages-browser)/./node_modules/next/dist/client/app-index.js:32
[21872929ms] [ERROR] Failed to load resource: net::ERR_CONNECTION_REFUSED @ http://localhost:3000/api/notifications/unread-count:0
[21872930ms] [ERROR] Error fetching unread count: TypeError: Failed to fetch
    at eval (webpack-internal:///(app-pages-browser)/./src/components/notifications/NotificationDropdown.jsx:46:36)
    at eval (webpack-internal:///(app-pages-browser)/./src/components/notifications/NotificationDropdown.jsx:115:13) @ webpack-internal:///(app-pages-browser)/./node_modules/next/dist/client/app-index.js:32
[21902929ms] [ERROR] Failed to load resource: net::ERR_CONNECTION_REFUSED @ http://localhost:3000/api/notifications/unread-count:0
[21902929ms] [ERROR] Error fetching unread count: TypeError: Failed to fetch
    at eval (webpack-internal:///(app-pages-browser)/./src/components/notifications/NotificationDropdown.jsx:46:36)
    at eval (webpack-internal:///(app-pages-browser)/./src/components/notifications/NotificationDropdown.jsx:115:13) @ webpack-internal:///(app-pages-browser)/./node_modules/next/dist/client/app-index.js:32
[21932968ms] [ERROR] Failed to load resource: net::ERR_CONNECTION_REFUSED @ http://localhost:3000/api/notifications/unread-count:0
[21932968ms] [ERROR] Error fetching unread count: TypeError: Failed to fetch
    at eval (webpack-internal:///(app-pages-browser)/./src/components/notifications/NotificationDropdown.jsx:46:36)
    at eval (webpack-internal:///(app-pages-browser)/./src/components/notifications/NotificationDropdown.jsx:115:13) @ webpack-internal:///(app-pages-browser)/./node_modules/next/dist/client/app-index.js:32
[21962947ms] [ERROR] Failed to load resource: net::ERR_CONNECTION_REFUSED @ http://localhost:3000/api/notifications/unread-count:0
[21962948ms] [ERROR] Error fetching unread count: TypeError: Failed to fetch
    at eval (webpack-internal:///(app-pages-browser)/./src/components/notifications/NotificationDropdown.jsx:46:36)
    at eval (webpack-internal:///(app-pages-browser)/./src/components/notifications/NotificationDropdown.jsx:115:13) @ webpack-internal:///(app-pages-browser)/./node_modules/next/dist/client/app-index.js:32
[21992936ms] [ERROR] Failed to load resource: net::ERR_CONNECTION_REFUSED @ http://localhost:3000/api/notifications/unread-count:0
[21992936ms] [ERROR] Error fetching unread count: TypeError: Failed to fetch
    at eval (webpack-internal:///(app-pages-browser)/./src/components/notifications/NotificationDropdown.jsx:46:36)
    at eval (webpack-internal:///(app-pages-browser)/./src/components/notifications/NotificationDropdown.jsx:115:13) @ webpack-internal:///(app-pages-browser)/./node_modules/next/dist/client/app-index.js:32
[22022924ms] [ERROR] Failed to load resource: net::ERR_CONNECTION_REFUSED @ http://localhost:3000/api/notifications/unread-count:0
[22022924ms] [ERROR] Error fetching unread count: TypeError: Failed to fetch
    at eval (webpack-internal:///(app-pages-browser)/./src/components/notifications/NotificationDropdown.jsx:46:36)
    at eval (webpack-internal:///(app-pages-browser)/./src/components/notifications/NotificationDropdown.jsx:115:13) @ webpack-internal:///(app-pages-browser)/./node_modules/next/dist/client/app-index.js:32
[22052938ms] [ERROR] Failed to load resource: net::ERR_CONNECTION_REFUSED @ http://localhost:3000/api/notifications/unread-count:0
[22052938ms] [ERROR] Error fetching unread count: TypeError: Failed to fetch
    at eval (webpack-internal:///(app-pages-browser)/./src/components/notifications/NotificationDropdown.jsx:46:36)
    at eval (webpack-internal:///(app-pages-browser)/./src/components/notifications/NotificationDropdown.jsx:115:13) @ webpack-internal:///(app-pages-browser)/./node_modules/next/dist/client/app-index.js:32
